Left,Right
107,1062
57,1374
12,347
86,1245
99,315
120,1493
123,984
133,447
116,640
91,1034
102,1424
149,270
101,1395
45,1249
104,1600
102,445
51,1402
144,788
6,325
138,363
144,885
79,1282
48,740
47,607
136,349
72,166
82,1316
42,1489
63,1355
137,748
25,1647
143,708
74,470
99,489
51,967
8,784
113,1514
59,737
116,691
42,715
5,451
142,1400
24,1549
86,1000
85,712
31,818
98,519
130,1191
51,1476
117,599
26,1055
141,236
17,482
24,928
2,932
10,1420
76,316
65,232
40,672
105,1461
77,260
126,351
59,275
80,736
78,1579
72,1126
117,1305
121,1561
8,802
91,857
127,1081
139,1381
17,654
98,1589
27,912
65,438
33,1050
86,725
63,340
4,736
90,523
67,990
81,190
49,1575
1,1384
111,450
48,205
61,1473
55,896
11,591
8,1597
28,188
110,539
54,569
20,321
2,1028
39,750
74,1233
120,808
130,189
22,290
8,463
17,1204
57,898
40,1056
55,1295
117,1235
10,1059
6,1527
148,1444
22,1118
22,462
6,752
100,1607
113,586
68,1405
68,237
108,975
64,758
139,1411
121,1529
82,632
46,404
26,1627
27,952
112,1271
61,641
11,1484
72,221
113,1192
18,901
49,270
22,1367
136,1176
46,1219
96,550
96,1411
60,601
112,325
8,1166
9,552
147,1087
18,1243
66,677
147,1364
35,459
79,401
39,288
57,842
11,447
103,1195
8,928
113,1142
66,717
67,836
107,951
88,319
19,1026
26,861
52,1393
13,604
132,568
79,515
66,1330
76,672
15,1508
94,662
63,1099
4,1207
94,710
62,422
102,1387
30,1574
40,610
82,1620
1,242
58,560
148,1047
92,292
18,211
58,1626
131,813
63,1265
140,1477
126,1507
59,1034
140,731
15,863
44,1513
68,951
94,1375
26,503
148,929
137,455
89,367
47,1447
67,851
93,1346
86,784
75,739
34,1207
38,1131
137,1202
41,971
133,536
84,1323
105,900
76,213
64,941
59,1215
131,932
147,484
26,240
2,765
14,498
25,909
90,556
108,258
95,1022
52,1096
96,289
147,791
104,309
126,173
140,604
131,452
52,325
90,1161
32,1394
21,247
18,367
101,499
61,1326
149,441
12,1609
111,1100
46,657
75,905
144,269
102,397
46,738
99,843
115,876
95,1068
130,1582
88,324
86,750
144,261
144,1355
15,1569
122,1216
22,197
100,326
32,939
18,1188
144,643
4,181
71,1495
105,1161
1,177
49,809
115,535
60,402
18,1579
148,1244
6,824
46,437
1,1140
111,811
128,466
71,972
60,507
62,356
77,764
79,476
25,638
65,489
8,763
127,163
109,850
111,241
79,1242
81,1321
59,1145
39,1169
139,224
52,1523
95,1525
87,398
90,1080
115,870
74,1632
85,1534
67,1574
10,393
136,1220
92,374
99,997
56,703
131,1171
63,1473
133,1594
77,695
75,1332
67,1035
36,1300
11,1396
136,1074
147,555
28,449
141,1141
24,493
111,1265
143,666
92,386
92,202
107,980
46,337
17,1626
52,997
51,316
130,1646
8,291
147,1089
105,1565
65,173
67,1114
54,1645
5,558
106,165
110,1526
149,629
59,355
92,1595
16,633
90,354
85,1132
81,894
59,1566
100,496
13,1229
68,507
70,806
113,1387
129,1353
17,1462
37,1088
137,746
16,1512
19,1346
81,239
74,1075
89,1420
109,1455
39,1099
4,805
31,1245
134,273
23,1596
110,1540
92,1176
82,549
100,989
147,727
12,589
148,846
124,1581
2,499
64,1398
24,1471
115,356
104,698
111,1314
29,1644
11,1186
30,242
34,972
130,442
68,1262
24,806
125,1209
75,557
84,323
49,1505
39,1145
60,1503
8,458
146,1475
76,1438
8,1614
8,1094
90,795
131,842
112,248
117,293
64,1023
90,1284
147,317
78,1051
69,428
10,1217
76,1592
106,1314
27,631
82,873
50,496
120,1623
111,1397
136,1226
129,1165
116,751
68,1649
43,1557
135,491
104,941
74,937
83,913
37,939
55,351
54,616
37,1215
72,278
8,478
9,1428
100,1135
70,1240
26,160
120,1332
25,1608
74,1471
145,477
51,1050
12,956
115,202
70,283
55,301
127,620
138,1102
21,1355
114,833
66,1502
68,1130
18,1324
105,706
102,1646
116,1496
116,698
119,1449
45,992
50,265
133,299
46,1356
127,1509
27,348
141,813
128,199
133,327
41,1449
96,1643
149,1329
102,1200
144,1408
123,1174
36,1246
82,898
59,878
42,1575
12,1554
97,556
76,1350
67,1418
40,1588
120,1426
106,1520
10,829
87,297
143,450
120,1293
120,767
149,1124
115,380
145,1321
34,673
120,394
52,338
56,868
113,1015
147,502
114,1626
114,1488
12,1352
77,619
41,434
133,913
9,1348
90,1277
69,161
72,1136
64,775
137,177
88,1127
59,1522
60,1496
33,641
118,433
46,908
53,612
144,674
49,1442
140,250
74,1282
1,1581
97,911
61,788
147,1038
106,691
75,1268
35,693
4,797
2,1039
33,337
108,225
48,1430
7,901
84,1503
57,1512
120,242
86,630
109,617
70,1017
62,385
132,819
94,601
96,179
76,162
124,563
61,1516
60,825
123,264
100,1301
106,789
19,638
32,1467
12,1552
117,426
130,202
67,1272
136,735
123,1607
37,281
122,1536
128,839
145,1195
87,1047
98,634
73,948
61,905
50,815
123,1367
74,1583
138,409
43,424
69,1064
16,891
24,784
51,952
148,313
131,347
121,717
47,1464
59,1049
149,1213
104,1225
57,464
11,1371
135,889
90,1431
27,1425
143,565
93,1569
83,988
21,492
77,214
34,973
44,1398
33,675
65,976
36,1172
11,952
146,1105
94,415
114,633
125,880
1,717
68,225
113,568
81,846
146,746
92,833
29,903
136,670
23,158
47,1432
102,1479
86,847
4,1523
110,402
59,1068
137,1510
15,153
132,276
72,1318
28,1050
68,252
119,459
3,831
102,1426
65,956
37,357
38,656
51,1154
50,1597
86,1465
141,1429
80,814
138,454
144,1214
22,759
9,334
146,1516
19,998
96,261
73,1403
3,262
62,828
148,471
46,771
16,875
57,297
109,1331
114,871
82,988
111,985
95,1192
130,336
73,1275
109,980
114,270
70,646
72,1239
32,1360
84,1136
90,270
45,193
82,1536
49,745
78,1362
123,1098
116,656
149,286
8,842
13,1041
104,1493
83,1304
135,700
36,825
76,1379
50,341
69,1383
50,396
19,1469
143,170
38,1077
144,1178
122,1018
45,358
138,772
79,1302
139,938
35,1236
85,1401
42,1541
102,862
129,1626
89,1471
11,668
52,1539
71,594
147,1443
103,834
106,546
118,1116
12,363
117,1540
103,698
41,1210
141,1621
63,600
69,866
63,1263
112,1166
46,603
7,839
79,1621
140,802
92,436
18,246
133,294
45,576
31,1075
71,610
27,1499
90,1520
55,413
71,411
1,214
28,1251
106,763
147,824
114,1562
39,995
33,1569
22,1487
97,330
86,360
59,572
148,1076
145,759
47,1034
128,570
136,1563
76,224
66,423
72,1254
125,277
34,393
55,609
71,524
72,310
6,293
96,1558
49,968
128,285
43,1250
70,402
81,1056
139,1422
113,690
45,1453
75,975
4,1303
53,718
89,474
77,1636
48,898
140,1396
83,247
128,1281
29,779
70,1414
27,1648
4,203
106,1407
124,215
46,624
126,718
95,1001
79,180
96,563
60,1452
92,1438
136,1380
10,1292
60,793
122,856
10,1626
47,1089
47,415
146,955
84,950
18,259
98,540
6,930
23,1182
120,1433
7,983
5,1320
87,216
98,1553
20,695
9,924
66,464
11,257
18,753
21,1453
47,1139
148,1474
6,926
45,1521
147,1237
77,1462
87,1144
77,827
146,360
137,605
11,662
101,621
103,1308
69,1385
130,990
106,464
4,1423
15,978
51,885
7,1560
115,938
118,914
55,1150
13,1054
23,1523
122,1603
87,487
16,1432
71,1188
91,1576
111,522
40,944
137,255
134,986
129,1283
135,1058
98,1612
45,210
88,1552
75,346
119,1153
115,886
13,437
33,1042
80,1056
78,1318
120,162
26,752
34,697
8,154
124,1041
83,908
22,261
77,294
29,343
39,1348
70,746
125,1203
27,615
148,1398
79,506
10,455
15,1317
70,1049
86,1091
11,798
24,1101
146,1125
9,1027
6,352
92,1001
21,1476
92,1400
75,1115
119,905
139,967
132,187
30,1311
53,809
61,722
102,1373
95,1509
63,1055
13,368
44,1525
44,1417
25,1623
136,1025
132,611
140,1013
27,990
42,1589
114,196
46,726
29,1380
140,1553
82,1066
54,271
67,1427
66,772
103,236
5,1084
113,1341
30,1171
129,157
94,908
2,1047
104,1442
82,1126
128,905
14,1361
90,1357
89,1030
93,700
17,1257
117,682
103,177
3,1476
135,1220
40,347
71,551
9,1239
123,1324
120,199
21,1412
22,1257
47,1330
123,776
72,1095
45,288
72,403
68,872
64,1523
123,1357
80,1391
42,249
14,1301
126,1361
4,1166
13,218
133,1100
126,1223
37,1291
82,551
58,616
121,950
136,1503
122,1465
136,265
25,1643
19,365
72,168
117,236
60,246
7,251
31,705
19,521
114,1059
74,710
111,383
21,953
9,1613
143,1020
133,1325
55,1100
10,1519
138,1139
47,1091
76,479
58,1232
98,1267
81,1018
58,1631
2,1567
144,1058
45,437
59,1009
133,918
31,1115
43,162
16,456
102,616
26,1226
36,1505
26,1099
16,1490
92,1076
54,581
146,208
56,1114
135,520
149,422
148,1558
11,1499
33,1577
123,651
101,1269
85,1414
74,570
126,763
8,803
148,1388
134,254
15,362
19,550
149,1190
17,882
21,341
137,1044
58,658
85,656
77,429
114,1157
76,769
40,515
104,545
66,1436
27,977
5,360
3,588
84,756
4,196
136,1190
61,748
128,176
49,1151
35,1093
119,1456
27,1222
37,550
84,1100
132,1526
32,846
114,1461
131,580
140,818
106,1596
54,566
112,788
107,609
85,893
81,992
140,795
38,1072
63,541
78,1078
30,1282
94,830
92,416
33,986
142,317
31,489
13,295
36,921
129,1140
114,473
67,1108
78,607
16,673
116,249
1,182
45,230
3,1086
32,1380
51,867
34,257
126,1636
43,547
101,184
116,1104
19,171
8,1106
23,481
134,816
127,982
42,623
141,1558
135,1296
96,1300
21,1231
50,1565
65,1092
93,1353
61,834
8,672
83,1017
98,522
28,944
97,397
124,794
20,1306
59,1058
91,756
138,1064
63,447
55,1228
134,338
56,607
51,331
47,475
31,1108
68,1110
73,683
98,1056
96,1545
96,1253
3,1489
86,439
70,527
37,1561
124,476
116,1279
59,1509
27,1599
85,369
53,1140
48,1544
73,433
19,483
66,658
136,1248
36,1471
143,704
44,644
101,738
35,1405
83,1398
69,1399
95,1461
74,1248
84,1122
66,1161
52,1609
59,539
42,1032
31,1018
111,742
39,442
92,398
68,1124
68,172
58,464
99,1628
88,1164
129,979
53,1599
146,419
44,226
147,639
22,1256
16,677
61,1527
144,1068
46,692
33,1507
55,273
145,820
120,1566
108,960
95,1189
29,1181
137,1146
3,1304
69,1240
4,1611
78,1374
117,1054
23,1282
126,850
126,489
93,1056
43,371
36,505
61,1583
102,1607
137,987
62,1272
129,454
68,184
100,1561
53,905
108,978
76,817
49,825
10,1564
17,792
95,1397
88,1168
18,287
75,156
16,1001
145,429
84,473
50,1103
22,1070
147,845
125,374
98,1163
31,608
72,481
14,796
48,462
149,1117
43,816
23,603
122,286
32,346
87,1463
73,1068
88,1015
76,657
54,1519
18,691
101,512
84,1606
121,541
27,483
36,1430
142,871
64,505
100,1165
119,782
69,487
89,1081
146,406
85,822
91,1086
99,1330
1,608
5,206
108,1255
93,604
52,197
111,1013
49,312
110,1580
3,1091
91,1390
145,1188
88,1076
87,1567
87,269
146,1502
74,1473
104,432
137,1150
46,346
42,1551
55,969
37,1061
22,1469
31,987
64,1224
107,174
18,786
146,903
125,1210
30,176
107,1078
55,865
36,539
12,184
136,1106
46,1464
6,298
42,1231
31,1599
42,1377
92,555
114,1346
87,812
6,1316
4,1563
25,1316
63,1544
44,1474
16,1032
147,949
106,1155
8,1486
25,946
59,918
47,227
71,441
69,1242
11,1463
108,1486
139,1386
100,909
60,851
132,433
138,360
106,338
3,161
135,1553
145,964
8,447
60,447
24,1413
38,1560
61,1602
29,544
8,653
121,382
142,1488
114,927
82,1631
90,785
118,1351
27,436
15,1303
129,1134
120,1561
108,351
147,1308
145,1172
45,1629
12,1157
2,1589
42,910
35,1469
15,1177
99,480
97,494
58,944
132,1544
11,632
27,1511
90,1426
141,623
105,936
39,268
100,204
6,187
7,1046
78,1348
67,705
108,271
9,236
13,605
44,531
106,305
22,749
121,378
115,653
141,905
99,361
101,384
63,990
55,471
147,1011
119,752
75,1100
67,765
91,1036
50,183
125,603
51,1615
110,571
71,621
71,346
125,1051
132,323
100,642
124,322
148,419
132,1008
39,1620
97,389
12,1351
132,669
118,1018
137,1017
84,488
135,1491
149,796
91,1245
116,1085
62,1486
75,1087
123,1415
134,586
17,1093
124,1508
69,244
128,873
105,234
51,1577
68,1415
92,1339
48,286
142,1437
55,1312
64,645
136,1230
86,335
38,595
47,1488
131,703
132,641
76,1058
32,1606
53,1314
68,1369
14,1100
46,1119
37,846
72,1001
139,562
115,1316
5,1622
46,541
139,421
109,643
1,1179
125,814
117,1164
104,859
146,670
134,1262
71,759
62,1303
115,333
21,916
33,894
19,359
116,817
14,1615
143,307
91,596
91,305
12,734
126,1197
62,760
78,786
103,168
52,229
15,1221
127,461
122,1153
115,1141
104,343
67,241
131,1039
139,351
149,268
67,795
112,1200
132,319
100,788
101,1311
98,1581
133,256
119,607
89,1231
20,1292
48,361
17,1102
111,1438
79,697
119,220
72,740
17,833
117,788
105,1532
22,1002
19,1380
76,385
103,1176
18,1250
90,175
149,1448
80,465
5,1414
139,1369
86,967
70,1432
146,632
98,1458
103,1279
101,1629
17,1010
53,1396
78,1072
134,1137
122,1316
77,1040
8,1231
14,573
112,506
78,1327
123,1409
100,1363
32,257
141,1572
121,978
73,594
50,1016
139,1002
107,245
141,383
55,700
5,511
46,408
100,1166
148,549
133,1347
113,1186
110,1501
51,171
144,1046
25,1253
136,224
46,1170
17,732
57,474
89,580
30,198
12,558
7,1101
56,189
149,536
108,1151
134,1081
36,390
2,237
57,1524
47,1531
35,536
129,268
131,1490
80,454
137,1493
35,787
132,1101
18,737
26,1443
138,395
51,901
64,861
118,1257
88,187
1,1234
13,1112
49,619
89,1479
78,593
82,1146
41,380
126,450
90,1412
17,229
70,600
92,495
37,935
79,1583
27,1548
61,1283
23,910
70,275
67,310
41,561
111,347
40,1369
100,1384
45,1025
97,1218
69,1243
29,1062
59,670
56,391
99,571
93,1470
42,1045
130,1277
100,1325
10,887
100,469
88,593
46,626
83,659
124,757
84,1402
79,518
116,1554
128,567
122,1346
144,197
15,1586
61,231
126,1613
24,433
133,682
2,591
18,1044
15,1402
83,876
136,177
22,1041
27,275
96,465
29,1616
71,948
23,535
55,226
1,385
95,1029
80,1515
101,842
117,1251
116,159
118,1581
37,1616
99,540
37,1134
100,624
97,469
139,857
24,573
102,1434
140,1536
72,749
16,897
38,1333
116,552
141,1104
105,1013
29,890
47,1542
99,1037
76,526
122,1103
69,482
72,679
103,320
47,1622
103,1472
67,493
72,377
1,906
3,182
107,295
9,207
149,157
27,863
103,297
46,1231
25,1026
36,1623
97,375
139,1038
124,702
127,1538
127,1176
78,1597
108,1595
89,1241
21,559
43,1472
108,1129
15,1306
56,1126
77,727
16,438
68,1503
41,1002
60,399
100,160
135,1571
63,524
19,983
98,1089
85,374
81,494
66,250
13,1520
14,1060
148,1551
78,1649
109,262
75,212
46,1249
52,1343
140,543
1,1591
89,173
17,1354
78,754
141,807
139,1542
92,1307
12,1077
46,1589
65,152
51,1416
89,364
99,815
121,1512
129,849
122,213
15,663
64,1468
112,211
23,1176
123,1385
112,1174
128,1104
86,1081
72,1510
9,880
54,934
116,1361
53,1353
75,1538
43,459
117,509
77,474
35,497
117,683
21,1329
110,755
33,271
20,281
11,995
121,1513
107,716
134,600
106,488
114,419
15,1114
59,1533
35,795
112,447
13,1579
29,1168
108,1358
141,1053
67,224
46,1624
94,1256
29,1250
43,569
13,929
82,351
16,379
60,1331
143,369
14,447
41,372
42,591
60,1332
44,906
117,983
98,1026
127,497
34,1035
29,1367
118,1325
74,1401
40,670
14,1006
89,269
94,331
112,1263
103,728
140,1382
40,557
24,529
51,855
69,728
52,1403
77,1429
30,760
84,728
38,1566
107,761
98,1548
115,280
67,681
124,553
87,1546
149,925
4,1492
106,953
90,998
149,678
48,713
1,1002
110,811
31,1313
8,323
132,1639
23,766
84,1593
113,1589
45,1136
11,922
107,770
7,502
14,947
27,1582
116,1541
34,1257
94,645
66,647
99,597
16,482
51,1578
92,635
46,999
81,800
37,411
56,512
32,1161
70,709
9,863
108,893
45,525
54,1239
139,607
46,570
23,680
24,360
111,1278
59,826
53,1099
60,627
106,415
12,228
111,1038
63,805
149,489
75,821
128,1091
106,753
40,193
56,395
84,1587
59,484
110,1145
64,483
88,379
65,613
121,1484
22,158
74,1559
18,564
99,412
146,1383
61,993
82,1508
107,1111
109,199
93,999
133,167
41,505
98,1128
40,1553
2,916
51,188
8,929
19,1237
135,608
109,1062
10,628
120,1176
80,721
71,511
148,1217
109,319
40,1372
53,390
73,635
90,635
53,851
139,1548
46,260
93,249
79,822
21,922
46,1000
96,574
79,245
43,585
8,1296
42,218
63,720
70,517
96,766
25,364
8,320
82,756
107,524
141,313
119,525
123,634
3,176
81,601
24,625
120,1421
6,1260
95,848
106,820
45,970
36,1382
130,1060
81,1391
134,249
59,975
14,400
139,1534
133,260
26,621
82,931
65,653
138,575
59,408
60,1516
14,232
69,314
24,794
109,1476
1,827
39,810
118,244
51,826
121,1267
112,1282
138,347
84,1106
6,1179
10,849
7,411
133,482
3,1053
83,755
31,668
94,557
2,1542
69,1630
137,404
34,1620
23,974
20,1257
122,1052
50,538
81,1246
68,712
142,1378
116,1004
149,978
35,1302
94,1059
47,995
103,1328
75,445
98,1048
101,609
27,833
136,581
58,1015
57,975
62,811
58,295
99,562
119,1126
53,183
6,377
112,1527
66,1041
85,980
85,199
75,1181
115,1254
83,798
149,954
31,382
92,444
7,950
78,1041
26,1176
75,1206
74,1597
71,423
107,1102
114,192
64,1243
54,824
133,1420
145,499
70,625
11,1209
125,265
11,1127
14,729
115,621
13,801
146,301
123,650
1,1390
145,1453
113,555
56,1492
74,373
86,661
56,423
116,1122
111,1162
43,1271
102,547
21,1578
51,1412
3,961
99,1111
117,399
20,1130
39,1150
29,558
146,270
116,778
122,466
58,194
113,321
102,871
124,828
44,723
39,930
119,703
70,621
32,336
67,561
138,1136
54,648
104,262
43,274
92,1537
147,1552
24,642
17,816
81,990
140,1576
120,316
89,1308
70,362
78,558
141,286
27,954
71,1643
14,641
79,1390
17,941
141,1005
65,924
121,1230
71,779
51,703
2,532
25,1017
1,654
126,946
133,748
146,178
98,897
74,1586
62,805
112,1479
8,251
32,1534
24,866
97,1073
53,254
55,745
121,237
10,889
78,810
83,843
41,1203
4,451
117,1504
98,1250
11,266
134,1558
48,1116
9,1014
44,431
32,1225
57,418
135,468
101,1035
112,804
78,807
127,1560
82,241
48,1325
67,645
63,757
93,1283
1,1465
50,1038
11,196
33,960
61,1537
36,1577
34,1186
86,647
56,850
102,815
30,640
105,351
6,1068
115,885
42,1576
114,1569
61,865
86,275
119,1283
68,816
12,1197
72,1186
43,1197
147,291
82,1118
86,576
28,1082
147,939
128,1572
83,1349
147,806
64,1611
60,1388
94,429
57,1158
4,1622
81,1501
29,1001
142,1595
21,1276
43,1190
47,571
114,1543
92,798
87,1493
62,1607
19,456
68,255
76,1347
139,1541
37,1138
91,1315
72,673
84,1291
126,809
102,847
78,1469
24,1242
20,1339
5,1109
48,1483
8,1446
105,829
134,946
41,1613
70,1577
36,1415
41,595
52,989
4,430
47,624
31,176
144,1211
66,712
76,648
19,817
53,769
16,299
92,1026
104,1553
6,982
36,465
11,1201
25,550
126,1638
80,632
62,536
128,340
42,996
109,921
53,1071
33,220
24,610
67,860
9,453
41,395
112,1508
123,1404
93,475
106,1522
102,1377
89,572
86,1485
103,1218
149,570
77,1633
127,815
21,1166
93,1126
114,245
86,1101
101,744
23,1315
24,418
106,1029
144,804
7,1006
69,525
65,1296
7,294
84,890
58,1597
146,672
12,507
66,1209
31,481
73,541
30,236
133,1035
140,676
20,456
31,1130
19,1270
73,799
86,1478
49,212
86,992
55,257
25,1276
63,1616
49,907
124,1113
103,1239
135,393
58,824
87,386
100,1128
9,882
88,1035
117,818
143,1347
19,447
149,1435
55,313
129,1457
61,933
78,238
75,999
85,224
82,296
128,165
129,1075
103,609
80,761
32,827
15,827
137,1102
51,724
48,1271
105,1293
58,1462
131,754
133,252
106,682
103,1376
16,888
117,752
87,1284
142,1282
123,1239
78,664
98,534
125,452
98,954
132,487
55,1528
42,1338
84,377
80,849
75,178
3,647
120,1253
134,1135
35,818
115,735
80,1595
135,1242
133,417
33,597
88,1329
66,625
136,757
34,406
92,650
19,193
5,1010
23,870
45,533
79,262
68,1022
45,1524
27,1122
4,1149
120,1190
22,938
125,709
85,926
137,1459
136,676
125,1019
121,562
63,769
32,1449
109,1350
121,1533
64,874
47,431
46,1440
85,1255
108,1091
89,896
85,200
95,1171
32,1345
99,1631
101,1187
60,1470
119,1326
56,401
146,1218
66,1398
7,509
108,1013
13,1576
18,292
125,919
142,785
102,1273
106,286
57,662
116,202
29,1007
118,1123
30,1241
16,1548
114,1087
49,1023
139,574
69,721
80,294
118,1616
9,521
21,689
22,350
116,232
62,772
49,1504
60,207
75,1597
113,873
92,1323
118,1260
46,715
107,760
94,238
13,930
131,695
92,625
95,502
2,1142
22,571
42,488
16,1310
42,1262
114,1162
75,1180
111,1108
140,624
120,1464
40,1030
137,199
131,1455
125,894
143,1120
115,200
58,547
21,926
44,998
74,1211
20,266
72,219
100,771
101,1577
60,272
141,566
86,1095
43,849
143,920
136,1298
22,889
128,908
120,1491
9,1634
149,474
43,1160
30,346
123,1050
76,338
26,669
110,1494
102,1197
25,855
107,350
145,1342
108,213
51,1328
29,1358
78,1030
74,493
71,503
81,267
57,165
140,651
90,1257
79,690
60,572
123,1382
101,877
51,298
75,1233
147,1290
21,276
146,841
67,296
104,1100
73,993
4,1645
126,261
84,1311
64,1107
72,1458
75,1544
13,864
115,183
35,1503
11,1198
24,1502
51,1431
63,984
52,379
46,886
45,661
100,477
40,444
90,1513
45,249
125,801
89,859
119,1507
5,719
132,1014
43,463
133,321
18,408
117,1213
6,1176
91,1563
81,667
88,253
53,643
16,1194
3,359
51,679
142,1308
56,669
115,604
22,1516
43,516
83,179
105,684
101,1250
1,1308
22,867
94,990
109,777
77,1293
126,391
105,1375
141,1560
46,1531
36,504
128,747
105,549
102,531
45,189
93,578
139,1297
55,1266
127,915
67,1326
85,1340
13,1580
125,175
144,1165
82,1453
6,180
6,425
47,1147
36,560
128,768
23,1114
119,777
5,852
36,572
108,241
30,525
5,631
12,267
140,920
44,352
147,316
90,320
13,902
143,1434
79,621
47,1325
56,675
12,340
10,1510
35,194
71,278
66,1360
24,1626
24,583
144,636
29,855
137,815
121,1022
83,855
31,1622
78,1165
52,1212
32,691
63,1121
88,696
64,1206
13,1341
99,545
137,438
128,781
136,1515
68,643
25,1100
102,1038
121,831
74,423
122,573
102,1259
20,1366
92,308
116,1543
133,250
120,1420
13,1279
75,1450
20,1517
79,1133
126,1584
147,970
13,911
116,928
54,190
133,453
75,566
69,438
12,1438
60,1228
62,1352
49,176
137,1524
94,1021
34,1510
75,518
58,1128
118,1593
25,1185
33,879
49,550
133,369
97,312
29,472
17,1058
14,1148
102,490
23,853
18,398
124,1422
53,310
109,665
116,388
92,1610
62,162
26,1543
12,664
107,1235
113,1602
144,1056
130,953
102,700
143,1387
17,412
79,335
140,1207
90,292
69,829
37,835
141,1017
21,855
144,1217
126,1331
104,1277
90,1156
50,894
22,1642
70,175
61,733
148,189
140,1593
9,274
145,1539
141,768
75,483
24,226
13,671
22,166
25,1106
60,351
55,1136
117,1359
87,1492
57,804
82,1112
70,509
6,224
117,1167
57,665
74,524
144,702
132,195
124,341
48,1192
120,875
134,687
77,562
71,652
24,465
51,1425
103,329
57,710
24,783
12,399
148,976
133,1503
13,546
71,789
10,1098
45,1247
108,1408
89,564
97,1098
59,1262
109,978
132,1493
148,422
22,255
84,1407
131,1133
139,1136
28,590
79,406
116,591
130,1303
6,351
112,1596
31,527
80,794
74,389
133,1094
44,300
9,1587
140,329
97,1500
148,1417
2,163
24,650
8,701
15,741
53,258
115,783
55,499
61,273
47,1350
69,737
28,173
130,1395
56,663
77,635
117,1062
143,635
83,768
68,442
16,1374
31,423
53,281
1,373
149,1351
121,1279
7,489
32,987
36,397
87,1115
28,160
56,1062
26,587
9,826
115,289
56,264
93,1598
61,199
31,1561
145,895
130,474
3,212
137,307
103,674
27,763
17,673
144,563
149,1559
136,789
126,1514
107,1553
94,619
126,945
20,872
53,1127
148,684
74,780
70,1573
99,1426
126,426
51,1281
26,154
113,574
129,651
92,835
79,522
95,1382
69,1187
59,1138
21,1109
131,1432
115,328
141,924
59,839
44,1270
139,848
53,824
41,1308
16,399
86,311
36,702
65,1181
66,674
87,495
73,1522
86,1140
50,522
42,869
126,1596
127,564
69,221
73,1353
145,320
125,1637
51,1429
122,1058
100,1012
68,453
85,171
145,764
121,734
103,1643
51,1019
17,1051
9,1122
148,1105
19,442
139,1213
65,753
21,1162
40,1032
34,602
70,169
94,260
82,1156
8,465
104,1348
98,603
148,687
144,1399
91,557
139,523
42,306
149,950
50,1528
42,1040
103,1591
47,948
63,1143
47,848
81,416
21,995
148,524
81,903
81,553
54,272
129,151
29,1405
94,1510
31,621
49,1540
10,350
2,1016
109,1119
9,412
129,802
79,1049
117,1293
134,713
36,1383
30,556
105,1104
127,796
20,479
34,988
69,1274
89,869
2,1541
108,646
38,1016
116,1444
146,1391
102,598
143,254
57,955
44,400
98,810
39,883
112,361
34,223
36,1288
142,1428
11,212
141,1625
3,849
107,602
37,1297
98,1307
77,435
42,1153
149,1603
79,980
71,673
81,542
61,1386
96,359
46,1530
121,1598
10,397
13,233
17,1169
15,293
49,828
116,525
37,698
13,1608
129,992
98,1055
3,706
55,1449
67,370
95,824
38,1491
21,541
117,1592
38,1008
4,1616
138,767
96,1525
119,1121
101,328
3,450
118,1406
139,1233
34,739
122,1513
21,207
141,207
13,939
70,1447
11,1373
89,1351
25,1178
23,396
136,1214
78,953
89,388
84,780
136,507
86,446
84,633
14,897
132,1584
134,913
111,1628
102,1189
71,1052
107,738
135,1182
2,347
91,1037
7,382
50,393
89,1270
101,840
33,1092
111,1005
62,1559
94,1230
22,310
9,501
63,479
75,939
95,770
62,418
59,1021
131,826
124,1507
146,1080
57,1242
7,837
89,452
59,888
92,653
114,1025
147,519
3,1303
75,1017
148,1200
46,1566
39,274
133,852
142,625
138,197
44,437
143,924
140,175
139,541
56,776
32,236
143,916
61,592
135,837
121,305
36,1509
104,677
106,1646
29,1443
108,619
74,1428
85,207
87,787
71,174
34,669
42,1083
4,1202
29,506
31,1456
112,1546
30,1519
130,433
7,400
83,619
43,699
76,782
5,505
25,532
67,758
10,479
73,1436
122,750
72,1494
46,623
126,151
43,1009
11,469
131,1105
25,733
136,299
100,1154
138,1401
142,564
35,1525
108,406
90,801
46,585
51,1586
34,659
16,1620
98,503
65,504
118,1536
78,386
41,600
101,189
78,1208
110,668
51,1406
59,849
148,769
117,1291
117,243
122,290
67,1480
43,967
47,616
42,956
108,398
33,853
146,797
41,1170
10,156
40,1561
99,613
138,318
1,941
13,227
67,1460
76,1477
114,946
74,1112
41,169
64,905
44,833
83,1401
100,1210
72,469
145,1573
52,1285
23,390
120,866
83,1366
25,577
52,185
64,820
31,192
75,1123
19,790
123,224
142,228
34,1617
32,1217
54,382
82,1403
72,270
16,469
70,1260
59,884
71,937
98,1201
60,566
33,1301
68,783
36,864
112,1345
117,217
101,619
51,1393
3,725
92,849
39,283
41,1479
144,326
5,1547
72,416
40,833
106,927
136,446
69,685
69,719
86,1270
104,506
72,1031
129,476
122,1265
40,362
55,297
22,1598
134,456
109,1149
22,864
111,267
84,1064
113,503
40,199
133,586
67,1083
80,247
13,1192
127,1596
100,325
14,544
47,155
17,1101
7,268
136,1484
68,878
17,187
45,364
127,879
141,1458
93,1276
21,812
18,966
60,807
76,870
100,685
96,210
120,526
19,1025
112,383
30,305
134,236
125,1459
142,1388
81,1464
17,1460
124,864
102,1468
106,259
27,950
64,175
36,282
146,381
1,1265
75,1570
1,532
92,1376
81,321
84,1035
46,1346
104,723
122,1586
67,738
82,1434
137,1359
1,1151
104,197
104,458
92,1277
29,1120
65,716
106,1340
22,274
121,1507
7,1567
18,1282
97,1224
23,1364
15,1458
51,992
36,1111
126,247
14,1087
73,810
51,666
75,1077
79,1541
68,1448
77,631
22,492
139,784
125,293
100,410
127,1637
69,1394
135,287
97,848
60,406
40,228
147,1344
20,949
128,1196
50,1390
81,994
33,409
95,1234
3,1553
112,1247
45,209
109,1216
65,1040
1,747
91,500
55,1140
86,779
8,1504
76,995
81,270
59,1067
111,1546
63,1061
134,545
6,247
140,303
29,550
16,863
64,283
46,830
63,856
50,1146
100,1243
92,1034
116,907
100,397
125,529
20,1564
43,1252
31,1531
89,650
42,250
80,1075
20,223
137,1516
55,799
59,1174
56,183
49,1637
31,235
84,546
101,1071
45,1374
109,393
29,1343
128,294
57,756
138,1012
133,1145
52,1352
37,273
84,1168
64,1118
109,1334
111,1351
121,1224
115,451
1,313
55,469
86,1454
139,1583
81,268
38,238
77,1319
86,1216
23,841
92,1021
114,1416
62,956
57,1190
119,215
95,174
115,1151
148,1100
3,1319
131,388
83,282
92,1177
112,1623
54,218
61,1124
17,183
62,1522
27,1360
93,1441
116,1394
8,1154
65,317
8,267
30,581
105,1003
62,1387
50,765
85,503
134,1162
82,205
50,1541
142,1184
50,1445
2,1520
29,1346
91,936
3,1301
134,1638
68,855
91,1449
128,608
103,1270
65,478
61,647
37,1429
116,1329
121,882
8,612
105,1387
86,441
138,1410
76,969
92,561
111,786
11,242
1,818
23,706
124,1601
12,554
84,233
86,160
146,579
109,1071
124,1008
71,1211
53,262
130,712
134,733
93,837
71,893
108,892
54,310
93,650
114,860
55,1635
124,630
48,928
27,187
143,281
23,1448
128,1477
78,880
56,581
14,1340
1,282
148,694
27,1308
67,779
89,661
72,858
13,958
36,731
11,1039
16,1403
145,1378
56,739
113,170
87,1245
39,1043
19,607
84,781
89,186
92,1055
70,433
16,1009
5,879
56,386
143,653
117,1646
95,1276
109,946
108,826
25,435
84,702
147,378
32,679
125,1010
34,268
17,399
62,860
31,325
55,1094
47,1481
128,1166
28,967
128,943
93,1586
68,217
77,523
5,289
141,998
144,1240
68,794
122,1649
108,202
143,918
19,1202
78,893
22,1145
98,1213
132,1268
139,1432
55,402
102,877
20,289
22,1484
99,1623
31,524
55,1284
107,1334
39,503
43,878
31,1133
115,411
61,690
99,1495
28,803
27,938
2,1243
32,381
29,1465
53,735
8,294
132,1480
97,1505
93,669
14,551
135,625
34,1260
140,678
19,1454
118,896
24,1379
27,1643
71,1581
77,302
140,579
117,593
116,762
5,1305
2,426
133,362
99,228
142,1599
14,957
32,993
29,942
136,1114
44,1365
128,397
146,1538
42,955
115,677
116,1157
36,1005
41,301
115,168
28,1070
54,1524
95,356
140,1646
146,1308
19,781
84,1649
99,1390
66,691
126,952
67,1541
7,595
56,940
15,1162
112,230
94,459
35,528
122,602
40,671
88,625
87,1456
4,1595
115,401
104,342
66,1592
124,1447
28,503
147,1343
103,230
7,331
119,247
135,1556
11,1544
57,490
60,1455
144,305
133,1120
1,1478
108,1415
90,289
91,935
125,595
145,1047
70,525
40,859
83,1027
63,1631
143,759
2,911
78,710
23,1236
31,738
133,287
72,671
54,1464
6,1235
80,1057
111,1349
54,1378
82,251
138,898
80,1342
134,1517
65,408
20,1610
94,333
74,1085
117,1446
99,534
89,1352
106,453
87,272
67,170
9,406
21,162
149,1296
15,712
108,1528
91,1307
42,991
23,1454
19,413
43,1571
76,875
94,750
49,904
50,225
1,1313
29,960
18,413
33,838
103,1282
39,922
20,1477
66,417
31,357
30,210
132,965
22,1544
71,201
35,1527
53,599
135,1384
148,1001
100,811
117,721
17,547
60,1353
98,973
2,833
100,1303
53,1087
98,704
54,923
50,1112
90,734
51,914
25,1115
115,1136
52,1272
30,1321
54,1142
93,611
30,952
83,1093
24,508
16,217
6,310
69,582
133,793
26,524
36,828
142,1615
146,1154
101,703
136,1004
76,779
64,1247
105,1373
20,1558
20,628
12,1454
114,898
16,183
113,489
49,813
145,760
128,921
40,220
45,837
81,360
92,1214
98,501
85,213
68,724
125,962
85,181
113,519
142,655
5,933
138,916
34,565
139,1238
57,1209
80,286
60,1201
16,964
34,752
111,1321
133,512
131,1219
67,1449
143,706
107,377
16,609
1,870
87,1061
148,1496
70,1386
114,768
8,1359
114,1078
79,1566
137,1629
37,1162
3,1633
96,566
118,1125
25,1446
109,1007
147,350
99,1534
87,1058
52,1619
55,465
95,471
124,690
79,1513
33,407
70,159
85,547
26,830
49,172
13,1511
128,307
104,973
11,1304
97,797
146,1426
34,1539
3,469
37,1431
44,1345
87,966
87,1131
9,1029
71,762
128,1333
127,778
62,1264
67,1250
77,344
86,364
135,936
10,836
137,742
101,197
85,918
125,1195
61,1485
115,1075
15,202
30,1149
23,1606
88,214
43,741
81,286
91,281
82,709
17,1034
103,779
80,346
62,1311
54,871
44,1334
133,1085
29,1026
130,738
148,1171
55,805
68,1011
98,795
61,838
14,794
65,1570
60,711
92,1556
109,1622
102,1305
2,286
68,1598
1,868
77,936
116,633
141,294
138,1019
56,1188
120,1031
76,1237
113,1395
89,1494
70,1313
59,829
73,1234
19,435
131,1209
10,488
44,511
48,945
33,346
87,1201
89,242
2,226
108,321
135,1029
110,1248
132,321
71,1077
111,349
126,1417
47,306
76,728
75,1245
28,1102
98,517
31,764
46,1233
33,1325
70,484
80,382
13,715
2,1500
114,701
104,955
54,515
25,1642
78,1593
149,725
9,714
18,1039
65,679
29,1337
7,378
46,783
144,878
6,1001
65,845
47,241
129,513
36,1099
123,163
69,1447
114,462
80,1574
40,437
89,223
103,367
109,826
72,1143
21,213
114,1567
56,1440
132,1550
32,386
50,1186
16,514
71,1530
123,167
66,803
92,1594
64,1570
114,887
6,1272
141,1398
35,1597
43,1027
117,1255
91,1357
80,944
36,691
112,1260
19,1583
122,801
65,743
120,1337
18,1043
94,1075
36,1520
131,683
52,301
114,272
56,1632
65,1319
66,426
12,255
51,1386
32,349
144,352
109,737
106,946
124,859
54,846
110,227
147,960
94,419
7,166
95,304
48,170
15,674
47,1538
130,467
114,1604
40,1167
87,562
31,1471
68,1578
133,805
93,855
127,292
118,898
131,678
63,1455
73,1427
81,1014
132,457
89,221
118,386
87,1191
38,485
100,1218
28,728
22,397
95,454
31,1123
4,716
112,537
29,921
113,191
55,1106
46,619
5,856
149,1537
42,1084
42,748
80,730
50,1285
13,277
94,1512
42,949
140,1257
18,816
95,1067
9,1084
88,1306
144,780
38,491
100,187
12,717
115,1611
90,897
19,233
39,1085
2,1521
140,1466
8,1061
78,1409
14,941
29,604
55,1525
77,1446
73,173
56,1385
120,529
24,733
107,1467
121,1343
98,1255
28,971
117,1299
69,524
10,305
136,1509
65,1313
125,868
20,334
44,806
147,1494
27,1357
65,1337
101,1373
8,1095
124,764
34,983
4,476
125,1367
28,1246
87,1554
124,328
28,1023
141,465
44,698
9,1238
105,428
146,997
138,1535
106,328
2,782
39,718
12,1146
135,1211
138,681
7,781
28,258
28,512
76,1166
65,1089
74,282
98,1398
42,1523
73,348
24,371
86,1441
30,1135
46,499
17,949
77,362
82,1044
80,652
69,1613
2,1253
87,521
148,583
96,1172
35,871
24,950
84,337
47,613
6,812
131,1002
92,249
107,711
57,1099
17,504
139,662
17,1163
141,797
20,885
46,511
114,1521
141,1550
123,1107
76,412
77,1058
141,737
100,1336
39,846
123,318
77,718
39,715
99,1340
36,990
73,184
31,757
55,339
13,1014
75,1161
95,1593
97,372
110,961
101,1247
134,1440
147,878
9,281
67,1379
80,1363
61,364
122,1471
148,936
84,1636
17,203
130,1143
31,248
146,187
29,830
111,573
98,1643
109,905
55,1381
49,158
29,1078
26,1202
51,1450
28,1538
46,1452
14,1072
54,1617
82,1295
120,1396
2,993
88,850
75,714
18,1120
61,310
144,861
71,1135
116,231
120,1505
109,834
109,591
7,405
90,1197
127,406
95,846
60,331
53,1110
86,1136
108,1533
84,441
75,1566
62,185
27,896
77,1253
26,1197
100,1530
94,544
98,664
70,193
120,890
43,1266
90,1044
101,1389
147,161
39,1431
34,842
38,1356
110,1518
94,403
43,491
76,461
55,1258
47,408
111,1507
33,207
43,1541
149,152
65,248
66,263
84,197
122,916
120,918
10,527
132,1366
132,927
109,1491
19,799
40,1385
118,933
84,796
34,910
40,1390
110,1005
102,261
114,1091
100,502
88,911
95,1111
130,253
144,376
90,807
65,1486
89,1303
85,1462
76,945
98,1620
106,957
90,574
134,1317
77,739
33,360
2,356
16,418
50,589
125,836
119,730
108,433
23,432
87,1270
8,1299
115,1133
138,1093
103,1076
120,1303
6,357
89,317
114,1352
96,409
72,1390
138,1158
1,302
79,1165
124,267
33,1139
106,977
107,1021
143,735
18,1521
6,562
59,831
68,1039
35,1485
74,272
59,722
81,922
128,1176
49,1420
96,166
25,1382
125,903
41,190
16,584
122,1499
45,593
5,1376
93,1366
59,394
71,1152
86,1185
81,1209
127,729
6,471
35,715
58,1185
120,643
119,1552
39,581
57,1617
67,720
15,1347
17,676
49,723
36,306
100,487
134,370
104,158
52,946
34,1004
106,1294
142,1135
117,185
128,927
127,585
102,1500
68,1509
83,225
139,1421
56,351
47,1152
101,548
13,259
109,1037
59,404
92,1148
45,308
93,279
71,895
116,1089
108,1626
112,229
13,516
145,385
147,1055
119,771
59,1242
100,1520
44,662
9,403
82,1333
123,1158
7,1272
136,969
144,1221
8,942
32,204
63,1036
128,272
136,1584
135,199
141,1627
12,706
45,292
30,370
106,180
83,472
68,432
17,530
95,182
129,560
93,887
145,816
12,534
97,230
52,1185
83,508
130,768
102,1614
141,428
31,1128
141,351
126,1451
94,641
119,1336
145,238
70,1482
14,1309
36,808
12,1493
4,405
136,1206
28,1417
24,1039
149,453
84,1568
47,286
21,1472
105,602
119,1489
124,1279
33,747
114,937
104,963
19,1638
71,1091
6,834
4,288
2,1219
133,613
79,568
33,415
92,585
8,1595
123,1051
125,826
128,1437
76,1501
21,906
49,1485
147,340
135,851
144,1451
9,679
34,224
140,1138
46,755
40,1324
87,1428
14,1164
26,261
23,1469
71,280
107,517
50,1251
108,1178
44,1234
20,1351
70,1172
115,872
44,1518
54,572
135,440
120,942
120,1316
20,265
39,378
49,1212
87,1584
90,624
43,1299
53,519
71,1624
27,806
97,511
107,664
104,1590
81,1194
33,1511
66,670
149,1494
73,528
9,309
86,822
7,221
133,313
68,909
142,894
69,1059
129,1122
121,1071
127,798
21,1361
85,1367
129,712
66,495
87,1416
100,1006
108,566
116,1213
98,380
78,382
21,867
43,997
120,571
56,1262
126,1035
126,1166
48,550
142,245
87,298
102,291
126,271
83,527
38,302
111,822
27,603
57,215
1,1409
73,241
88,288
12,495
126,1607
93,732
84,1418
145,561
133,1334
111,1212
61,730
132,362
79,1602
70,443
99,234
137,1334
54,1315
9,820
19,1627
76,627
51,1039
5,417
45,1309
130,1536
131,526
57,1528
132,1004
119,441
123,1461
95,893
130,1477
37,962
8,684
68,577
121,1637
47,596
29,1532
107,234
37,1259
88,478
55,1237
94,1060
126,896
128,986
40,428
108,1170
109,778
64,1584
105,1038
72,442
34,370
117,557
49,187
133,1422
82,658
32,463
13,1601
18,1181
97,881
138,1507
113,1516
101,535
13,730
125,1298
137,357
57,873
38,1511
145,1008
91,1023
87,693
115,1000
61,1152
5,1082
126,393
27,753
52,1450
30,1516
49,466
70,1045
33,1503
66,1172
126,835
73,1643
1,1072
41,1056
137,1160
116,385
22,1245
117,642
107,291
90,1428
28,170
41,1064
110,1331
105,223
95,1255
59,306
35,190
134,1423
101,598
140,1316
21,992
19,834
25,607
4,1310
104,390
126,1611
104,1324
13,1175
4,742
118,1417
105,191
112,1215
119,735
121,778
144,496
140,1577
54,485
35,592
72,550
40,786
134,940
28,598
23,571
59,1544
98,1605
26,1536
25,600
137,602
71,1297
48,480
53,790
55,765
84,1514
48,718
142,935
110,223
141,862
82,381
110,1403
7,478
72,1284
135,151
86,1555
5,1604
128,481
24,1476
126,448
56,482
23,176
12,857
119,285
11,1466
14,1186
111,298
58,1365
34,1258
60,1426
86,310
99,168
27,431
135,962
10,1387
72,387
108,915
42,664
39,1204
58,1539
45,1310
144,1411
134,442
30,877
56,979
72,241
118,985
124,1172
148,980
3,674
136,1613
102,561
79,261
65,1297
68,1615
39,795
128,1326
98,454
68,1226
74,938
64,1162
55,1147
99,1155
117,1165
133,510
31,592
64,585
82,443
43,1150
36,454
130,909
59,1390
148,343
44,1076
136,799
112,283
93,1580
78,1559
43,434
60,962
103,1513
129,812
35,297
53,1029
33,369
59,893
108,181
28,1099
39,1499
130,1326
27,1132
64,275
14,618
88,1050
125,1046
26,1160
57,836
120,905
129,1023
77,1386
127,1264
52,569
142,651
72,1544
91,1099
52,920
80,1091
59,1029
15,177
68,464
110,798
51,1305
146,1518
16,781
50,1639
38,519
113,1629
42,395
93,551
114,1210
132,223
3,1551
59,209
122,876
43,328
75,1117
82,648
66,1147
79,1448
27,1151
118,583
144,1228
104,1643
103,1493
43,1165
85,1361
32,219
25,655
90,1114
95,775
106,1319
75,800
66,1219
100,884
113,1303
85,167
105,937
75,1329
94,496
135,719
2,1401
42,221
32,456
27,1445
38,158
22,1585
81,1408
56,488
84,729
18,1146
62,681
64,755
112,959
92,1082
5,402
144,309
72,499
104,233
117,564
11,1228
114,1394
123,817
114,489
39,1110
91,222
134,158
3,1408
97,1498
86,1541
28,848
6,323
128,324
104,988
143,1156
103,494
75,1013
49,1640
5,1192
51,315
145,896
8,393
99,378
36,445
11,271
110,529
54,319
94,1419
126,931
145,451
127,1303
78,1219
69,801
73,248
47,591
30,887
7,238
139,1562
69,694
17,1591
145,565
20,1316
134,348
40,936
53,1000
24,1315
109,461
12,297
100,456
8,216
61,469
148,637
54,1376
63,414
123,964
4,1274
23,392
115,1182
136,590
66,1590
86,941
51,1587
96,1100
57,1298
22,1034
52,575
38,772
117,828
114,838
18,724
121,680
1,1318
23,1384
23,1108
114,660
19,863
29,1630
79,1535
124,1012
131,1286
129,1012
112,198
114,1137
141,196
133,1519
9,1490
78,1257
55,1260
145,1262
70,981
93,617
109,600
39,1441
2,492
30,906
112,307
20,869
57,1172
75,683
121,1448
99,1211
73,1057
70,592
80,929
36,470
19,1440
110,374
119,1059
80,1340
109,1319
45,1528
18,561
63,245
102,1075
23,419
82,204
14,557
19,577
50,417
48,536
83,1450
105,404
64,496
104,1041
41,1408
29,154
76,319
102,887
4,882
5,1472
113,1623
65,154
131,362
125,970
41,906
119,238
89,1211
11,972
18,518
146,1037
89,753
79,1326
21,694
133,1309
20,1533
82,435
73,359
34,1407
140,838
66,1308
86,537
132,975
121,1570
94,1454
103,1608
106,1069
61,1296
143,1175
104,738
59,356
128,729
50,1229
115,1161
51,1216
128,1310
4,501
147,861
40,559
59,533
111,474
68,903
40,236
92,689
2,263
63,1098
94,1135
20,417
45,251
91,497
59,769
55,1289
18,1116
89,1114
29,556
69,280
130,276
46,577
130,685
26,1608
104,1594
117,1400
62,691
41,1294
23,1316
13,1516
123,455
105,875
104,1370
12,1063
39,1491
63,284
38,1561
61,294
91,657
133,1458
19,1110
5,731
27,1577
4,1316
79,1452
63,1395
75,594
58,231
140,1260
6,440
40,1177
5,1519
28,1148
121,1324
96,1302
140,1007
100,1292
95,1352
60,509
142,740
134,1609
51,1572
34,463
119,1093
91,290
125,1147
15,1060
31,746
89,1542
144,1348
25,1063
6,1100
140,1200
13,1221
117,1601
4,1102
132,1429
142,994
149,386
22,434
136,483
10,815
40,1436
124,1413
134,1167
140,1548
76,829
136,1016
27,360
35,875
79,1559
105,537
116,386
140,1587
84,550
114,1493
71,351
34,1078
50,1047
72,1084
72,986
56,1464
14,579
120,1087
74,802
73,851
108,923
97,1160
55,735
83,360
127,1485
12,1459
99,312
4,1220
85,400
48,907
28,1525
57,919
39,1315
60,235
7,1373
5,1627
146,745
56,1026
102,1114
52,1644
11,1105
73,1316
138,1207
21,702
78,657
33,1494
6,294
44,776
60,1304
146,1535
23,1097
74,394
4,1107
66,536
97,963
52,175
41,242
55,1362
22,656
116,1556
47,346
88,293
80,208
1,1302
144,554
134,941
141,594
16,1386
116,1235
106,1361
50,1420
99,640
101,329
112,1227
134,657
81,291
111,449
51,1608
129,1578
130,390
10,1349
102,516
65,1388
39,903
56,1103
75,989
139,1036
112,1286
2,384
43,548
37,1439
135,874
143,792
4,277
15,666
12,900
123,677
59,1127
75,322
56,570
119,1466
63,1024
144,1350
74,1370
43,1022
109,204
76,985
128,1524
1,1467
85,1578
144,879
72,879
97,639
40,1468
49,715
143,1189
80,491
24,673
42,222
65,1139
149,781
103,623
75,965
15,777
74,863
118,967
55,1605
87,1348
30,1508
33,697
59,390
104,485
12,349
11,560
24,1177
17,610
108,1638
124,1390
39,465
100,1240
27,1085
26,348
111,1550
81,1248
33,384
127,776
138,712
41,1560
16,922
94,869
27,730
30,1279
81,475
81,648
132,1209
32,1460
71,1316
131,258
65,1623
70,928
9,1340
129,468
16,642
142,1018
123,473
137,221
43,595
9,1037
29,219
114,1202
18,720
5,1308
68,882
97,1277
59,763
130,1623
12,371
49,850
23,160
81,1085
55,733
84,1374
22,262
7,616
113,1032
48,871
125,170
86,1463
79,1432
122,849
81,1627
41,1384
83,707
49,1267
24,1540
123,1157
131,438
20,231
46,1631
91,803
23,835
133,1019
112,220
115,1255
41,1102
29,1505
12,465
119,611
49,1007
36,1404
123,1028
140,606
85,198
8,1495
117,348
117,1392
81,1308
148,747
62,1371
82,1376
44,882
134,265
124,804
95,702
16,920
19,1368
57,1327
19,305
51,1280
62,1365
96,519
36,374
144,1438
11,1172
66,1283
38,1452
86,1288
87,1104
18,1497
49,781
53,1406
25,430
148,339
102,910
128,329
119,1506
32,1191
23,1208
140,180
147,391
109,645
72,1613
51,939
124,1386
111,165
27,413
132,1124
30,254
18,1049
37,538
69,573
126,745
1,1083
23,230
51,1203
70,1218
112,803
77,1453
124,1363
43,577
56,1504
45,306
44,288
115,442
130,1155
22,452
64,925
124,475
14,588
41,235
8,558
73,1199
28,1397
103,1374
134,895
91,1125
141,1008
70,331
53,1603
121,1594
76,1010
116,742
139,1403
13,186
95,255
145,747
38,749
101,845
116,325
67,452
18,911
33,355
10,1494
133,1277
42,1264
21,1029
49,260
14,1412
36,173
122,696
102,972
44,177
38,754
94,1079
88,788
35,756
14,1517
120,208
121,1446
39,646
76,996
113,1413
80,1256
58,1248
118,663
111,235
71,1054
114,325
23,447
85,1591
116,590
61,1139
113,1592
11,324
82,689
32,504
114,922
46,436
124,982
70,309
15,810
140,1105
91,714
128,1426
17,276
32,212
61,917
140,1012
122,256
90,552
138,1643
46,1426
109,994
5,813
104,547
56,587
100,649
69,236
26,683
52,1428
131,858
103,252
30,1194
87,789
76,1215
143,682
30,1082
24,714
133,364
59,904
8,1338
47,461
36,405
110,1290
89,402
96,511
18,656
77,443
61,1043
12,1381
95,604
146,1282
25,1271
35,513
109,1261
15,1566
16,1047
21,1213
98,1489
131,696
2,1630
93,398
94,973
83,205
4,1506
137,1609
4,1302
24,202
85,866
111,246
149,598
8,582
110,1639
46,393
40,483
34,1070
11,424
12,1136
124,1462
52,1152
108,1101
124,247
4,321
4,1515
115,253
52,1375
9,367
27,1542
64,516
95,351
106,522
84,734
31,1450
118,1066
55,524
128,1507
69,1521
65,897
26,1340
43,932
140,566
135,282
78,1440
96,1070
138,1526
110,1019
112,905
131,1528
106,1046
55,1110
133,376
29,156
85,532
59,627
85,747
82,1349
143,654
38,1413
6,170
30,935
87,763
19,540
103,299
133,210
138,722
137,938
41,203
134,1372
29,1299
119,1066
30,222
100,1565
46,841
42,1490
103,1164
24,836
30,823
36,961
87,608
1,1225
33,1054
125,874
51,628
72,1400
120,258
78,498
18,1633
35,919
79,1113
53,771
93,822
130,506
59,1637
149,523
29,1268
102,1187
2,767
12,1589
122,1524
147,1150
74,966
132,1300
3,235
7,320
116,282
111,489
67,471
116,317
145,891
29,697
104,1490
6,598
137,469
49,491
144,287
126,620
37,1576
146,200
62,575
28,1060
94,1648
18,781
73,426
107,426
115,242
146,1374
80,710
56,409
68,1337
133,393
89,1568
89,951
82,1068
4,1016
78,1272
143,679
140,377
7,1167
15,879
99,465
31,210
8,1156
47,674
71,1107
101,626
28,1117
61,1367
135,1560
80,1575
12,1429
77,531
118,1386
66,214
7,1048
73,996
50,946
87,580
82,614
115,734
104,510
122,693
34,1641
37,923
122,247
46,756
149,989
113,1555
125,1352
73,339
127,1004
43,189
72,655
146,210
9,257
108,206
146,165
84,1389
148,1307
89,532
136,837
1,238
95,1049
50,1493
57,255
25,1194
65,298
36,1400
116,431
45,465
16,1316
30,1477
27,1490
43,1361
132,454
127,399
121,826
125,1371
78,192
15,966
10,207
5,1436
105,377
4,1339
122,873
90,663
6,975
80,641
142,158
78,761
131,414
25,1207
94,209
75,1526
52,237
123,1252
82,246
81,916
24,1065
17,274
93,1131
45,1214
97,693
16,986
110,1324
99,339
16,1582
64,188
117,1496
102,302
26,1486
129,1261
108,947
130,1272
45,1327
49,380
35,1182
148,1125
25,1492
45,467
118,1646
22,1114
33,396
95,444
53,1103
55,1575
9,637
20,1286
59,201
38,770
4,916
1,335
75,1543
9,1090
47,1120
138,1493
111,342
105,1533
118,1206
127,963
8,854
22,1345
3,1416
87,156
60,558
114,448
15,1199
64,1257
131,303
7,1461
109,769
35,619
57,1281
79,669
26,667
23,1262
58,267
3,925
144,1538
1,1275
83,1170
26,1060
127,384
144,459
73,1415
145,1506
89,846
8,1089
130,1484
97,1034
106,1614
43,1078
6,1349
135,552
45,1585
77,437
96,1086
129,874
34,527
20,1230
65,1188
103,1406
20,942
80,1469
67,866
53,839
80,903
106,663
114,769
122,1332
11,1285
130,1450
145,890
46,282
10,1061
111,1061
146,1014
59,361
18,1426
120,919
29,347
133,1213
34,1378
128,1295
124,1424
47,1449
6,493
75,995
85,705
109,1388
106,702
133,1478
16,471
50,790
98,1248
53,1202
149,813
104,527
41,460
15,1296
69,462
2,560
2,1041
7,683
119,1117
35,1447
140,342
43,1057
90,924
132,1116
110,1174
58,403
22,932
108,758
80,723
18,409
79,293
1,694
95,430
115,822
80,846
8,1175
103,1338
14,676
80,381
141,799
2,176
18,483
63,1291
83,1244
127,632
129,939
105,657
36,628
115,1465
116,448
36,442
119,402
129,511
101,1489
124,1154
32,1002
18,1239
135,1420
31,1221
30,854
72,1567
97,641
138,573
147,1473
74,1279
128,1236
47,248
43,231
42,415
37,286
23,1129
135,729
27,953
124,359
11,1051
19,818
112,371
132,988
127,1200
32,948
92,1512
94,1015
129,817
76,844
141,1556
139,970
76,981
86,928
32,996
102,759
89,1450
114,1436
2,1309
71,1355
2,843
10,913
118,1051
76,476
88,1163
34,330
119,923
146,666
63,621
49,1174
45,1578
85,983
119,766
106,1163
46,797
76,203
33,901
12,1165
10,206
76,426
76,300
77,1069
133,666
110,1001
114,508
44,174
48,229
42,681
16,193
74,287
74,1593
11,1277
87,1598
128,1314
106,393
62,574
30,1218
86,447
32,1261
45,1134
47,1063
33,855
79,632
106,433
45,477
70,564
139,483
27,476
51,196
29,1027
18,1600
29,1298
80,1379
69,574
81,1597
132,531
79,985
116,1171
125,203
130,876
34,1182
34,301
25,1509
4,1353
74,954
17,1228
55,883
85,1509
25,1422
51,557
60,1411
109,974
15,409
48,572
57,590
92,771
45,1047
127,799
125,787
125,295
90,1638
33,1388
125,1156
16,1603
43,714
58,509
109,900
80,1287
146,979
67,1499
30,807
102,1610
122,497
36,1185
110,799
82,1393
81,534
19,420
120,846
27,1398
126,1142
25,809
102,254
41,818
1,1632
20,303
118,1283
146,1572
67,808
89,244
68,973
58,905
71,1157
13,313
131,1254
47,1322
84,1429
12,671
12,1111
112,251
99,429
7,1208
92,615
70,601
1,1534
36,471
67,1018
140,1468
71,1109
12,1608
20,1617
110,1219
65,1340
21,198
66,1585
62,1307
68,1559
68,1082
134,1264
149,1053
136,1218
70,1496
60,810
13,515
103,664
133,850
140,1334
90,1384
130,510
55,900
108,1301
25,499
94,1196
100,270
38,918
90,786
120,216
61,1096
11,975
45,241
110,1646
65,551
17,723
28,739
78,1031
132,783
107,1450
33,1082
39,448
75,652
46,1142
64,165
40,1307
144,1638
46,1072
110,248
15,981
57,1193
95,633
111,1024
127,1232
83,1128
52,170
104,152
146,1178
128,1365
95,1092
130,498
139,1185
141,450
32,1295
10,1244
85,1239
91,894
72,1570
32,1198
61,1598
99,455
99,869
104,741
110,1574
99,679
71,647
6,1464
67,397
55,1066
117,586
53,563
52,678
115,1144
29,389
49,1279
111,999
123,1496
43,637
129,416
50,632
55,1536
70,1285
80,1516
39,1091
146,460
74,498
62,236
136,522
105,1503
82,470
46,1067
92,163
106,1526
80,1047
25,1627
142,594
102,1529
71,1018
33,683
98,1423
117,1525
22,1162
98,1583
57,1471
45,416
50,787
22,294
104,1213
40,214
127,1193
1,1411
16,1513
125,533
56,1082
139,821
66,1394
21,591
131,311
22,554
87,1052
73,1514
54,1056
23,1429
137,960
106,252
68,394
82,1053
78,782
117,611
54,1338
14,1063
124,1073
11,1317
138,961
19,1581
55,1641
92,1455
89,316
70,546
32,259
69,682
146,357
81,1565
91,1508
119,818
111,226
10,462
61,158
134,359
73,775
141,215
86,1035
83,200
62,1438
65,1067
147,214
82,997
84,1467
77,1140
37,838
114,1403
86,684
37,1323
77,1530
110,1268
27,732
49,1585
110,1056
43,945
52,1125
132,166
67,850
56,342
131,1520
136,1438
99,1361
56,1441
10,1353
119,1110
2,1317
50,687
145,1600
17,1572
9,1595
84,830
128,913
57,553
109,856
86,823
143,1268
120,1595
59,923
134,451
74,1021
53,1295
90,662
94,1013
120,289
136,845
64,489
126,851
49,881
39,1251
7,1485
2,243
67,1304
52,1311
28,1578
129,1524
75,1445
78,1110
51,1093
84,936
100,208
139,1234
63,446
123,1191
94,306
47,631
92,619
60,1219
138,780
56,584
45,1250
36,1187
78,1551
17,1028
147,1624
45,680
144,535
147,304
131,947
46,1548
102,1072
6,229
20,318
63,520
110,561
115,568
86,840
22,1111
43,1114
73,1021
24,482
77,360
124,302
110,487
97,1006
89,1310
22,1234
26,608
62,1112
19,888
86,1646
63,1635
64,1067
53,1368
129,1198
110,1037
27,1304
128,536
54,1035
10,630
52,751
135,1417
114,495
42,1009
18,333
44,1631
49,360
126,1500
71,770
78,1043
115,1510
62,1571
58,585
90,675
111,1472
21,703
78,356
40,1184
59,1550
134,975
70,605
113,940
33,1234
110,573
50,1190
15,717
31,1225
37,284
107,232
7,1370
47,1110
133,1293
98,1315
101,283
57,368
23,1230
86,158
138,596
133,807
100,1129
121,312
146,932
130,683
146,326
81,365
116,1297
83,984
146,1005
49,503
149,1397
88,955
59,264
2,1423
35,1291
115,1390
131,462
109,383
149,288
144,619
45,1511
122,590
143,1138
91,1375
70,1279
15,636
91,904
70,968
85,1092
22,1280
97,279
112,1092
81,263
22,365
48,857
88,503
32,1281
139,1392
119,1513
8,1192
40,1410
143,722
62,1423
37,981
102,1409
135,620
89,574
148,806
102,703
25,935
112,883
53,244
84,283
86,393
118,1129
140,1337
53,817
117,207
144,1357
39,1021
106,735
17,1195
98,976
132,613
53,338
13,1008
23,1269
9,758
93,720
35,269
143,795
129,1070
30,1161
58,843
32,256
39,1197
103,828
108,647
16,1237
45,806
104,1250
80,1335
98,874
108,315
11,1043
117,1198
35,1377
141,1375
71,1498
8,600
54,446
142,752
126,1477
40,852
145,1444
62,1557
50,986
29,1581
83,1553
12,492
60,806
136,1177
57,1012
77,1006
15,543
139,998
69,1084
10,1031
149,427
101,737
20,503
48,768
114,490
64,1585
101,966
118,1594
84,246
40,156
97,400
118,1597
55,1311
117,1034
21,929
107,883
120,1092
122,651
85,629
119,865
114,1068
100,961
40,1375
15,1625
52,283
125,974
142,1245
15,1255
121,525
103,190
91,365
20,224
20,300
139,736
42,714
81,1099
93,1315
124,214
66,1250
26,1487
4,890
119,658
126,1229
113,965
21,1002
62,600
121,1397
105,1540
2,301
149,1416
107,1244
118,154
143,177
84,564
11,799
108,1220
136,283
47,617
96,719
32,1079
56,286
25,967
75,163
1,900
114,445
75,1594
31,512
41,682
34,1196
27,681
48,601
93,221
20,478
84,1424
107,1514
131,859
24,760
108,567
100,1018
33,197
60,457
82,1548
7,159
149,1074
36,1245
37,1415
129,1324
110,161
55,1241
138,892
19,258
4,171
8,1138
126,174
5,152
132,510
117,638
115,948
85,878
78,1188
36,1216
66,176
146,794
136,886
50,723
2,1307
83,1622
114,233
78,1010
11,679
7,225
56,972
119,240
117,713
113,1061
77,248
140,997
54,761
143,716
85,802
26,161
21,1492
77,1441
18,1373
81,354
5,1022
37,497
115,1347
114,1203
65,1608
73,1005
111,1447
136,627
129,1106
79,1543
135,747
109,582
39,1533
66,1516
93,1290
68,486
29,686
25,1241
99,1249
131,1423
39,1510
30,775
36,795
144,1114
53,1634
50,1197
73,1433
19,352
32,1602
63,635
94,212
104,867
146,1008
130,464
148,384
81,1152
14,363
110,430
35,623
23,587
46,971
91,1278
83,920
114,1388
80,700
122,435
72,378
3,823
35,434
7,1115
121,244
78,1535
36,1119
53,577
62,1473
88,556
82,1517
13,215
111,1607
96,301
48,1105
112,1300
127,1466
46,1636
101,1505
134,745
136,765
121,585
80,1019
19,423
127,1321
43,500
24,1128
139,1639
50,1058
147,1426
140,1513
143,641
54,1097
111,1585
26,1164
10,1464
21,913
51,642
74,862
70,770
98,727
121,1401
134,546
19,978
14,1476
36,637
94,786
30,1108
54,258
17,566
134,1233
41,1198
44,397
73,1452
14,1551
143,552
22,1541
74,1053
98,814
146,609
113,1035
107,1608
51,231
82,934
37,653
144,1024
133,1270
138,1149
8,339
20,1104
43,970
28,1474
37,184
75,1507
70,929
59,426
130,1364
9,704
70,319
58,1434
138,1167
50,952
53,628
129,1539
18,1646
115,493
2,443
43,604
107,279
90,1540
102,1053
40,796
23,1566
103,851
122,262
147,1266
87,675
129,216
44,1001
38,1154
50,1430
47,159
8,1369
139,775
102,238
149,527
48,452
66,1345
139,763
132,205
103,377
43,672
128,1294
41,739
96,1276
54,1025
86,321
45,1019
79,566
102,1195
17,1511
62,247
66,1569
136,413
90,1578
45,755
71,617
55,584
120,320
136,916
95,505
103,909
100,212
95,376
29,645
134,525
69,1493
98,711
98,166
52,892
130,517
93,429
98,843
114,319
7,1601
132,280
98,1224
79,1405
142,312
98,232
129,1582
135,349
34,575
1,236
42,1259
44,1277
46,290
26,925
80,246
136,647
115,1379
12,655
46,1125
140,1096
51,1570
44,515
72,865
5,197
122,1540
89,1207
10,805
21,1509
104,499
45,577
55,800
30,909
114,246
126,1456
60,430
100,1398
26,1275
132,1315
132,1552
56,501
21,291
15,462
85,994
46,800
30,1310
58,1550
25,1372
113,889
19,1533
30,922
26,731
96,1306
132,905
50,1554
49,538
91,694
72,324
50,809
63,1017
130,209
49,1206
113,1274
42,1181
98,581
80,533
146,1031
103,874
9,1012
65,1292
33,765
88,1117
54,1624
97,1615
31,1637
117,1134
8,285
24,1295
96,674
135,1410
3,362
65,376
116,352
7,1475
5,1518
81,914
49,479
44,563
62,1176
67,832
20,1440
98,1441
93,1496
137,827
74,730
26,423
102,459
70,689
80,671
99,1036
98,1051
132,355
48,659
142,1525
138,703
46,1588
88,1177
146,1484
124,975
41,493
62,944
103,264
19,1152
146,414
126,1640
103,257
109,588
48,496
22,1489
27,1428
76,379
60,1149
29,1350
87,1021
145,593
46,1309
56,1223
108,1202
6,1120
35,1545
120,973
70,1095
33,1119
116,581
99,1274
79,928
77,785
18,1419
88,647
112,268
95,1263
99,1118
110,927
34,1039
128,606
35,1075
100,435
148,716
144,238
41,511
111,1249
79,399
19,1159
97,1157
2,189
127,1585
103,546
138,677
66,326
115,583
39,610
117,401
140,1284
76,661
134,1483
33,1211
25,186
45,1329
68,496
50,1135
102,1193
25,195
22,935
146,1034
92,1044
29,653
80,602
18,1022
110,1630
45,1234
125,431
112,1553
34,1143
125,803
74,318
14,849
69,404
35,1606
19,839
116,643
61,481
40,1256
117,1196
41,453
142,253
80,559
31,838
136,1242
24,637
142,759
73,999
146,317
99,1303
16,643
61,1075
45,1087
57,151
45,1643
9,1417
98,1219
144,316
87,1197
90,706
70,258
131,1026
8,1148
142,552
57,1569
31,202
84,789
19,1194
98,1578
90,1119
92,599
81,1390
107,529
34,1529
57,1521
47,628
45,1197
121,507
43,758
122,1466
25,552
137,1036
37,294
21,433
127,290
87,1356
86,1517
53,861
73,538
120,786
61,314
8,1421
23,1509
64,574
58,696
27,426
10,877
120,422
116,1264
71,1432
5,1062
139,498
28,1373
86,1423
65,987
22,249
56,760
83,712
34,211
66,341
11,999
49,586
43,894
45,1211
51,1147
122,191
63,598
121,1528
12,669
49,959
24,698
141,1631
23,1276
131,615
2,650
121,914
53,1236
3,338
9,1335
132,734
27,1035
134,699
18,178
60,1305
61,315
85,1191
135,943
124,1024
86,1603
114,1318
136,287
68,1333
127,151
125,1059
67,272
67,624
45,458
41,1517
16,464
82,1449
32,471
103,897
20,948
76,1032
43,1001
50,788
149,1392
41,1106
117,588
7,361
59,967
77,1476
46,824
14,761
71,708
110,324
7,872
31,1553
49,777
77,1440
79,1134
99,314
122,1045
115,1459
136,644
29,1261
2,554
105,1511
84,324
15,626
21,1297
67,1592
25,251
22,586
13,1320
146,964
43,346
110,1531
99,1122
104,986
32,399
20,1616
20,1349
67,454
77,1167
42,345
28,1090
121,1299
118,166
100,177
130,249
25,1607
77,634
57,275
68,1569
108,632
46,1458
136,444
44,256
100,421
125,368
53,194
135,216
45,268
92,1241
111,942
146,1481
76,235
40,1153
116,510
45,170
131,454
46,1387
13,874
45,153
15,799
111,263
77,315
145,437
121,545
18,1268
69,1422
16,632
136,1035
142,1507
148,303
1,830
140,1190
7,1307
54,412
72,364
46,441
95,1277
112,554
105,1518
134,1239
51,940
70,207
10,1274
98,1342
8,595
6,1244
67,1503
147,1032
32,894
59,177
8,1547
65,1290
66,1035
61,1274
90,820
77,192
122,688
6,881
1,355
76,288
136,179
136,1257
92,1437
75,916
96,307
12,1476
84,1560
28,903
104,1421
20,1601
136,805
66,1104
112,1040
96,833
44,1596
111,746
12,673
88,1095
67,504
116,1289
143,1569
53,932
77,627
64,762
56,932
107,830
124,851
86,1456
30,1181
47,1589
101,692
20,696
109,172
83,1528
109,240
37,1428
19,1017
9,1138
68,1636
96,539
80,1171
135,497
1,438
94,550
56,1639
106,485
34,1354
133,387
52,835
8,931
138,276
63,393
133,1096
142,321
137,194
4,582
81,403
16,328
64,566
103,966
75,374
113,332
48,1023
95,852
36,1292
51,536
133,1234
95,1506
136,1406
112,1534
20,332
41,360
24,660
57,1540
117,541
1,1322
126,766
39,1213
83,1160
73,1317
1,1195
76,1620
121,1286
113,1338
31,793
112,760
90,1214
108,1539
115,826
42,308
25,367
47,573
7,557
129,1300
82,1119
41,477
106,1032
101,430
135,384
5,268
71,1031
137,308
95,1247
102,750
101,211
101,1465
33,495
42,989
54,672
72,790
52,855
87,1214
93,859
32,153
50,1416
113,1199
110,1227
47,472
12,906
4,744
48,1100
140,168
42,1638
85,628
136,1490
49,242
7,1554
73,680
115,1535
148,1461
147,1515
12,905
41,341
31,1144
100,1281
51,630
6,1557
65,1379
46,1384
139,1107
90,757
16,1207
1,465
32,1171
73,327
56,697
45,404
62,1282
14,1091
67,184
135,623
116,890
121,412
23,730
148,352
28,1248
125,607
55,1099
90,274
8,933
79,1398
131,1639
64,1126
25,446
19,251
45,391
118,508
132,200
21,1571
54,326
17,1202
30,595
117,572
144,597
40,1493
98,265
69,282
120,348
128,1211
124,552
17,1157
4,706
3,1024
100,202
124,1598
22,1144
149,1384
138,1491
85,829
113,155
41,944
22,444
20,1326
112,390
66,412
97,561
2,1202
64,1517
44,843
134,1270
39,484
109,1589
128,1453
116,270
72,1221
68,326
123,1117
85,1446
80,447
104,1190
95,1620
123,1553
97,1148
108,1351
115,419
146,482
5,1632
95,504
85,1009
127,345
23,556
7,352
103,911
51,165
59,1148
101,170
132,1569
42,842
115,850
98,1542
149,1458
144,208
136,1334
77,405
91,886
91,224
135,1575
132,1295
8,1418
89,585
29,888
58,325
104,457
104,713
4,162
146,673
139,444
64,1419
47,1280
21,360
8,902
57,792
96,729
125,261
42,1418
133,974
118,1134
109,786
124,792
88,1014
87,1018
43,1456
133,628
50,1457
147,1640
124,667
52,1441
142,677
20,608
56,1160
36,1089
72,539
56,480
108,659
3,539
122,787
98,178
49,870
107,1297
36,1209
10,516
15,1369
12,279
122,233
102,568
144,1187
138,525
103,350
66,1623
86,572
1,677
22,534
12,1462
75,335
72,273
83,580
38,1578
27,373
138,1568
5,559
124,492
108,208
10,1591
80,337
124,1167
55,1335
126,337
9,671
104,433
56,612
113,446
100,491
127,1311
37,511
43,680
5,1581
103,298
37,345
19,1632
110,1337
124,577
81,476
36,614
29,724
66,1510
127,905
65,166
76,1064
8,877
11,1084
71,151
114,956
21,768
81,1193
80,352
16,300
3,1267
79,1305
129,1274
23,727
127,931
32,1262
3,249
115,1208
40,301
40,258
141,1143
30,328
147,470
65,1353
71,1117
103,1537
22,827
133,519
116,972
86,1336
48,1072
95,645
144,473
15,1110
145,357
115,372
116,1193
83,432
41,332
15,288
147,567
20,519
38,1575
86,1313
22,313
112,452
105,1454
38,449
68,504
134,578
8,1426
15,1091
81,1514
78,1163
129,1265
94,328
37,841
143,289
63,1111
49,1406
92,861
20,886
29,1022
75,541
68,1538
34,1031
40,1006
135,797
12,720
70,1541
142,1466
19,773
22,525
109,720
58,839
5,1253
98,213
129,620
30,836
48,783
68,578
74,1440
25,1198
132,697
55,1379
67,786
117,229
115,608
10,901
13,1623
145,271
64,1606
1,501
91,206
12,535
10,1478
117,1093
97,936
12,1477
108,1345
25,758
7,612
61,491
25,1204
23,1001
47,1344
44,491
36,853
55,751
124,1339
84,1190
135,1641
67,1253
73,1235
114,616
60,269
141,693
149,914
127,457
11,1367
61,623
115,164
14,526
33,497
79,954
118,301
104,437
5,646
100,848
121,1490
1,594
38,448
131,1646
63,1264
39,625
98,1299
30,1636
113,875
98,1608
107,530
95,195
57,1038
88,769
113,1012
63,535
95,947
38,1467
44,543
62,641
130,1258
9,1278
145,161
108,1342
45,1623
29,1580
53,1302
58,1531
10,882
138,1398
76,207
105,1333
67,619
140,853
89,1439
100,390
149,625
90,1320
93,600
45,442
48,967
13,768
35,1126
95,277
81,471
131,918
45,336
37,858
105,1370
94,479
86,693
144,534
101,320
90,982
148,1257
60,606
83,1338
75,1381
89,1042
1,1198
117,1321
102,163
47,982
81,1490
115,1492
86,1415
117,1575
138,1508
19,1386
15,1219
98,1322
142,571
80,1513
99,903
104,1325
22,756
145,683
81,741
48,1570
145,1646
41,1062
14,1121
149,694
63,498
46,491
85,1644
115,1127
104,1174
86,344
117,749
125,1382
32,1224
47,919
95,211
73,764
101,950
114,186
3,1434
80,690
91,758
51,1278
64,1434
91,711
148,1328
66,1083
29,1514
139,1026
5,514
95,411
21,1624
142,1085
1,854
28,788
10,465
13,673
30,1192
38,1123
112,437
1,424
125,850
16,815
80,1124
35,665
103,1015
24,1310
79,1057
129,1453
30,714
16,467
88,1519
109,1624
39,986
21,664
137,1108
125,611
11,1017
113,323
138,982
113,546
110,231
76,1013
67,1382
97,864
129,203
127,1263
1,1365
145,167
15,264
140,686
45,684
1,351
75,1199
101,1259
109,867
107,340
4,485
21,176
41,1004
30,1048
111,1526
89,645
83,645
141,663
79,157
20,903
149,374
99,1248
115,619
136,748
37,192
146,167
77,1277
2,1004
56,459
44,277
73,1119
54,584
49,749
63,1147
79,504
25,628
55,1234
45,732
10,895
62,1562
64,1413
20,531
6,1423
62,872
54,355
51,1244
108,410
59,248
20,356
145,1251
58,1315
7,1468
97,621
21,278
91,1398
106,1170
136,477
149,1134
77,862
34,609
92,944
24,1149
112,816
72,787
81,695
145,1446
41,279
127,400
132,1244
39,723
39,318
37,1476
148,203
140,950
121,856
138,389
147,598
49,223
10,842
64,280
24,1456
55,1243
2,1405
123,344
74,1639
41,1076
113,1521
31,1594
58,701
32,245
115,932
44,905
146,953
111,1114
87,825
59,420
99,1091
109,824
105,837
126,987
41,1648
61,603
95,1246
75,385
4,636
109,448
149,1355
122,609
55,1407
128,962
56,290
127,991
18,538
56,698
75,1458
59,1066
137,1380
148,300
132,1256
27,325
118,1234
127,730
31,834
35,1238
101,280
135,639
63,522
9,1110
12,1116
33,527
63,1582
113,828
24,1216
85,688
85,1122
105,1211
53,448
135,208
48,456
42,708
57,1418
24,1145
63,806
69,1516
81,1644
46,915
24,919
96,1281
73,727
74,963
44,1070
55,398
123,707
120,1473
101,1101
92,1499
9,1649
144,397
6,1073
74,1150
88,285
103,745
13,1396
103,1640
86,1139
84,479
13,664
66,1462
127,1612
15,867
1,283
144,440
68,1116
3,1570
17,936
54,1188
23,1501
44,485
73,802
70,840
148,1580
37,612
147,884
46,798
118,506
10,1372
71,1373
46,1302
91,1569
128,665
22,675
126,1437
52,1024
119,417
52,169
63,1225
145,978
18,608
13,701
85,877
107,1364
113,238
3,1306
76,1590
63,200
87,972
88,1584
44,790
9,1434
53,836
63,434
42,1135
34,1488
80,390
74,837
56,936
117,357
128,896
76,1220
111,728
85,981
60,1260
58,1303
127,1154
16,1066
21,1498
83,919
56,934
18,1302
70,926
129,946
29,1213
73,1048
57,1619
10,689
21,1160
146,960
80,383
43,291
139,652
79,1585
18,1093
106,1207
36,1335
103,1448
134,832
83,1069
125,1302
78,1258
59,568
53,1360
95,1310
139,953
9,962
93,928
69,1366
147,1547
41,1244
138,1266
121,934
92,693
11,398
57,200
133,1605
26,630
28,1236
9,1405
63,1554
97,367
72,203
142,363
98,987
48,807
24,355
45,703
128,178
93,898
57,1233
50,1623
63,1029
53,676
86,1267
111,1502
82,288
50,188
95,248
69,1252
141,423
55,941
140,917
78,1310
78,294
5,1150
108,1537
134,248
66,642
30,1128
36,1381
116,1056
23,593
53,1356
85,601
73,956
93,919
63,1296
9,658
102,893
7,1057
37,1322
94,801
73,1035
59,1365
133,1418
138,1437
79,1217
45,301
119,299
19,1092
39,603
123,362
146,902
47,185
20,1576
123,858
109,1407
28,911
143,958
96,716
146,1381
61,605
115,1337
31,713
93,351
143,264
49,873
89,1504
29,832
34,172
94,173
67,1175
44,340
125,154
104,617
67,1210
103,1224
14,721
7,394
56,1156
112,1561
73,1627
57,166
56,1185
121,705
57,1329
77,935
137,1174
86,1039
144,435
54,460
134,1448
59,1579
110,1077
148,349
29,1333
31,777
32,561
146,1399
131,1544
118,1535
114,1598
56,273
10,424
85,633
28,155
63,877
22,1131
71,1299
127,743
104,755
75,1366
63,974
17,1615
123,979
44,927
73,469
122,576
70,1438
79,1480
41,225
96,1102
140,879
20,1304
11,1192
91,1542
101,1216
113,488
9,177
73,268
53,925
65,1624
69,1466
50,1586
2,190
65,813
19,1523
55,1293
26,1334
99,697
145,318
129,918
1,1163
51,494
117,991
140,895
107,329
58,1362
65,778
16,1444
29,1477
82,1192
73,739
33,441
107,1390
30,910
25,391
115,1468
93,355
59,678
29,382
37,1206
23,1595
117,953
25,605
7,1147
140,746
149,1581
21,1296
149,327
113,1565
23,1456
77,535
57,629
7,676
85,1155
109,469
22,239
100,1369
77,1497
22,758
120,1198
108,1425
34,1262
55,380
52,890
117,1588
105,527
143,632
11,1044
64,238
47,466
106,843
117,1259
98,492
30,918
25,1167
12,1549
52,788
13,503
123,1208
42,235
87,458
104,902
26,884
1,444
132,509
35,1138
124,169
40,1099
73,1382
40,541
83,1514
30,482
39,402
138,1186
149,364
79,1205
37,1613
88,574
58,473
52,375
55,187
58,271
131,488
78,1366
49,670
119,1151
112,1241
11,1537
75,578
56,414
60,425
92,846
92,481
110,1202
77,451
86,682
85,548
123,917
67,225
68,524
146,385
4,1288
72,381
84,1304
114,893
20,529
62,876
25,1184
13,696
96,655
100,625
55,410
115,1093
87,668
142,589
85,372
62,1595
70,1292
3,423
139,1008
62,1216
82,1260
16,168
21,526
67,941
65,1307
19,293
138,906
128,1321
30,274
68,859
146,780
34,260
102,848
75,208
128,1448
103,837
50,1061
59,977
52,660
21,1117
71,1097
109,1524
105,486
40,1093
123,1122
121,810
140,372
124,1552
131,1084
47,493
7,240
117,1350
52,1261
146,403
13,693
69,1502
117,624
82,1194
62,608
77,1580
101,739
149,1188
15,1121
35,889
41,1186
123,1299
121,1211
83,871
86,371
111,423
34,960
137,1126
94,153
21,1259
38,993
100,500
47,441
129,690
126,648
7,1593
106,611
22,1555
8,847
54,403
72,220
22,1637
58,1585
29,278
56,834
32,790
28,596
21,721
83,1185
7,497
59,1084
38,1327
95,481
121,264
32,265
36,1416
38,718
26,1503
95,395
132,1128
135,749
111,885
91,1609
80,963
77,1151
101,317
87,401
15,319
5,1541
35,801
116,861
54,1131
13,1403
48,695
91,1625
16,573
88,1120
93,1544
22,608
29,212
139,422
9,1180
21,421
56,866
97,163
1,627
149,234
73,1431
101,529
121,330
99,266
20,1400
47,1578
128,1598
113,732
21,742
130,297
94,1464
28,664
21,226
60,190
5,610
148,584
85,830
25,815
22,866
44,722
66,1491
37,601
100,801
89,1626
143,1167
16,476
58,155
8,1455
140,1493
88,735
124,1039
6,1441
104,663
141,771
88,785
64,1316
3,1148
44,1015
60,1061
13,867
66,1278
85,329
88,669
78,707
3,813
108,1058
60,1179
22,1634
127,596
86,448
4,1431
76,1234
52,995
5,534
140,1440
56,179
76,1149
90,375
12,973
83,1105
147,1012
56,1193
51,819
15,477
99,279
34,789
46,1031
32,1359
126,996
47,1620
62,1555
112,1514
138,725
128,653
44,815
130,1610
38,699
82,936
49,163
7,753
18,454
77,1312
90,606
68,1557
90,1193
96,740
73,898
56,1553
46,866
116,1616
63,660
80,301
110,734
65,575
115,1170
117,1366
30,850
79,327
138,1333
103,1534
44,1411
122,1185
78,1354
134,997
67,348
116,1212
134,1207
10,1101
15,575
42,677
98,200
136,597
130,1182
132,174
7,1557
60,1088
43,519
95,169
48,1418
38,1068
73,1423
92,452
62,1374
37,524
38,1451
112,426
4,1257
77,515
83,752
72,660
124,1248
108,443
122,365
80,984
44,1099
7,697
135,1188
61,986
46,1513
41,1337
21,550
69,1050
135,432
104,1512
23,1357
142,1070
59,1328
32,1524
111,1041
88,634
9,1556
101,574
1,1003
132,1159
60,1035
68,1527
133,231
55,240
132,317
98,786
123,1638
26,155
85,1102
81,1525
130,1382
33,1071
120,530
130,499
100,1375
86,558
92,994
34,608
34,1081
12,199
97,515
56,411
14,453
61,1536
3,1277
100,699
124,1529
109,1356
45,1125
67,1618
144,569
57,673
112,825
137,1354
132,1356
134,802
28,1579
142,1183
36,819
25,205
133,1046
119,615
38,1321
1,819
140,742
61,885
87,531
76,812
67,308
94,498
2,805
102,971
5,632
75,1561
26,985
132,439
50,1545
43,1173
48,464
74,458
90,505
1,1249
138,1214
125,1011
144,1284
139,1447
59,1606
90,297
44,1073
120,191
34,626
25,1376
16,1627
64,457
11,1563
90,1006
104,1236
6,1373
35,753
137,447
45,623
86,246
22,1321
33,529
100,1279
62,1605
83,1120
33,808
121,164
63,1185
41,970
84,598
87,744
127,615
14,1429
74,204
29,357
72,990
127,1563
75,1417
111,1143
135,997
7,336
118,1470
78,230
8,1291
108,1434
4,713
79,530
109,1079
9,178
120,418
92,402
106,1245
128,1406
141,1521
115,405
56,408
33,447
71,840
72,818
119,1421
54,586
139,299
144,503
124,180
27,1514
28,1332
116,834
22,1456
30,267
148,723
51,1165
38,1568
131,741
122,1081
57,1348
142,1425
96,1101
109,1519
78,1624
96,1376
106,190
68,1008
27,1164
55,156
100,728
53,1047
113,1408
17,1477
136,1535
79,542
44,1639
21,201
29,1382
80,1620
94,651
50,466
88,1622
122,1230
82,1104
78,928
130,696
77,1640
137,269
43,984
69,1415
51,1518
75,963
92,1540
24,1423
34,786
47,906
82,1319
124,565
60,549
10,789
54,646
16,1407
113,702
121,1327
74,667
149,830
46,960
130,1320
91,1628
27,350
47,892
8,1309
47,1194
108,211
59,1151
77,797
108,718
6,872
143,1542
2,252
62,272
26,456
146,1017
29,1163
14,1381
127,1226
67,1156
126,1616
57,462
120,1313
11,1468
7,233
33,1143
88,703
143,1216
22,537
107,1164
139,1472
103,872
105,435
17,1226
92,957
17,1382
36,581
38,543
139,222
7,640
137,1212
98,1525
55,557
84,407
101,970
56,1045
148,1299
63,617
7,1226
18,301
87,796
45,871
48,454
90,697
88,163
29,1123
79,354
128,153
60,177
149,193
30,543
96,181
107,633
57,550
111,178
45,769
90,1467
122,1640
85,886
122,1529
6,1524
41,642
75,1256
141,467
28,379
25,1151
118,1576
20,661
6,1364
46,1277
115,1069
44,1492
133,1206
63,1227
113,496
122,913
55,904
137,428
54,206
1,1472
50,382
96,174
138,743
141,710
107,1492
56,1269
37,1238
47,1599
101,334
124,1121
89,305
98,639
70,916
125,1275
147,740
59,999
75,255
93,1511
112,1545
18,954
129,728
76,1534
59,1142
54,659
126,1492
83,1150
28,311
98,1075
10,612
78,1462
19,933
40,1361
133,422
43,1168
38,1376
129,1311
7,181
88,662
127,1354
2,1437
103,953
19,1459
41,376
126,1239
127,1242
83,1555
59,342
147,943
34,854
80,1183
91,1166
130,1423
87,737
19,1142
9,1581
112,205
81,445
9,1314
17,375
61,352
79,984
3,1114
59,641
8,402
40,995
147,461
46,412
62,1504
26,1313
140,905
102,842
43,1201
87,645
123,1328
136,689
12,711
135,448
89,1321
76,555
93,212
106,881
82,211
126,1343
95,328
42,449
91,1612
20,1445
117,482
85,551
81,1322
39,845
90,984
24,402
148,1013
139,398
61,901
149,1079
136,1141
12,910
138,1263
104,243
81,1583
115,756
99,1326
138,353
133,1607
100,1551
41,1057
51,373
107,632
25,1280
15,782
94,1444
109,1072
15,338
80,189
83,1433
62,442
32,1109
79,1379
17,1418
98,1557
54,1297
54,975
138,1347
23,1522
41,1515
102,1152
116,1064
54,451
104,821
85,702
107,743
16,1437
43,1376
20,277
122,1386
7,199
57,1397
84,1371
106,680
82,1472
27,1632
13,626
98,482
16,1234
76,835
33,1128
42,443
145,614
29,1201
144,272
71,844
54,590
144,1419
131,1024
139,1318
91,827
114,1506
126,1273
16,1191
134,1436
94,1494
26,964
149,816
63,838
78,578
106,928
56,1533
138,209
94,1166
18,1626
28,715
13,370
92,474
44,1118
12,1068
73,639
72,575
135,802
12,935
7,1053
80,582
46,1348
92,1560
69,1244
113,1570
76,708
58,508
142,346
35,833
115,1207
44,1540
64,781
6,161
110,370
45,1362
24,1510
75,1598
46,856
69,1325
62,1602
115,270
99,543
122,1017
85,696
112,446
97,158
11,1233
115,880
69,726
125,701
123,915
45,154
75,451
70,1265
145,577
64,1122
103,959
70,374
122,288
78,215
94,1544
87,1417
81,1087
97,157
119,833
18,862
20,1031
58,1127
123,551
103,382
42,907
73,987
14,1225
4,758
120,1250
9,467
13,549
72,1495
105,888
76,1371
29,524
29,1087
5,865
97,681
92,1153
83,463
89,1646
97,481
136,262
16,1170
6,1311
143,448
126,702
82,1423
101,645
114,371
57,999
23,1628
10,711
26,976
129,1092
11,725
126,655
124,1298
33,949
149,167
48,1259
87,459
35,1314
30,1267
37,1324
88,1452
82,1587
13,1541
130,1022
16,176
16,1338
77,642
52,664
108,1407
71,1522
127,758
79,1365
115,506
61,688
127,980
48,233
93,172
83,617
145,377
69,852
118,1201
60,972
23,1295
135,426
64,395
122,1267
74,751
115,374
147,1139
54,415
62,1279
136,818
95,1283
86,946
108,1053
126,837
19,687
82,1411
50,1488
20,1038
60,973
110,183
122,883
33,1649
136,841
95,1061
87,364
33,1647
141,1269
101,896
45,247
51,169
91,661
117,690
112,514
128,595
135,1238
9,731
47,1281
32,694
41,1478
18,219
58,321
94,1583
71,547
94,233
108,1243
55,1373
134,332
68,944
27,1111
60,1574
129,477
78,1574
5,679
94,1234
82,1195
121,829
126,754
138,1209
10,759
93,866
141,1088
63,692
91,340
140,399
57,400
115,643
74,929
97,1647
100,1365
50,583
111,744
133,747
34,1005
23,787
88,752
97,1070
74,1230
1,736
88,597
118,328
106,1448
99,1484
39,188
94,1102
6,760
132,972
77,1464
31,204
138,586
87,1433
125,1342
22,781
143,796
67,1071
28,364
48,1559
121,845
118,781
148,1183
6,1297
107,987
83,903
49,193
79,223
90,805
92,1172
84,708
87,395
38,530
86,533
95,275
57,763
67,1609
132,281
70,1632
17,1441
86,666
29,625
50,1590
123,1574
21,984
92,1506
41,285
127,1407
42,1434
70,302
92,741
73,735
7,195
146,1382
32,274
104,890
23,179
119,312
4,1352
83,840
14,1341
3,700
59,1404
29,344
140,270
121,1288
66,226
17,652
73,1192
148,342
46,782
23,1618
128,1271
24,409
130,264
40,461
129,948
71,405
149,263
90,1164
118,1242
2,674
4,1481
53,701
122,1169
135,1364
133,1468
112,1189
25,1079
38,1322
26,190
149,895
130,1065
9,1149
64,1492
29,655
114,1071
50,1385
99,1485
42,905
20,1271
1,1442
139,665
20,766
39,1601
34,251
127,561
74,317
86,904
68,403
2,209
48,998
117,405
143,383
81,842
26,380
143,627
69,1395
131,1474
119,1635
122,253
7,1023
3,1237
51,1235
132,1622
109,1126
76,271
123,365
67,1433
23,938
54,996
129,494
27,1066
132,937
29,560
139,1511
84,819
51,1461
121,715
43,1200
47,1214
88,170
132,1475
54,346
148,914
75,1295
136,854
127,1574
110,749
117,932
17,1111
114,177
93,553
102,1416
118,288
97,1223
109,891
149,831
138,633
36,333
8,1564
108,1270
44,1511
70,1018
84,1001
18,750
51,774
41,1233
24,1156
34,803
64,512
111,967
4,1400
41,1610
113,1284
51,754
24,1355
127,1136
95,752
42,305
138,468
85,1247
78,1231
15,882
66,1071
72,449
74,650
109,1478
23,1199
63,830
149,1153
131,1536
52,404
81,355
38,512
6,849
25,1577
74,364
40,1025
115,1555
90,213
109,782
130,1369
30,907
100,762
115,212
129,1605
70,893
136,1539
75,1324
103,486
63,1356
35,734
25,1234
47,825
134,943
49,182
47,870
20,594
140,972
64,1016
72,1096
92,554
77,918
99,648
32,1275
54,1394
50,266
67,882
51,942
76,397
57,1210
61,1285
116,436
115,660
11,371
19,1455
113,928
42,1568
128,1298
59,577
27,1556
110,181
70,507
130,564
135,642
26,614
59,292
75,313
104,1219
101,205
54,623
13,1462
108,1374
116,420
38,1320
18,992
36,997
35,1179
54,762
12,159
20,871
26,703
48,1256
132,1389
113,269
98,1015
114,841
35,713
102,1571
87,482
78,1345
8,683
54,1444
37,610
90,692
61,1560
117,1597
121,1373
98,1260
145,622
49,616
99,620
46,1111
25,689
67,1448
37,575
43,498
97,1386
72,682
20,647
144,581
87,933
28,318
28,1644
85,271
144,1545
15,801
21,1588
14,926
105,947
100,457
26,590
132,1279
121,1460
73,1592
69,213
48,952
33,1518
143,1010
104,993
131,570
44,475
110,412
40,845
42,580
13,910
122,802
32,278
101,1305
36,1395
8,640
2,1337
81,171
68,1625
33,685
137,1373
111,1570
5,827
10,1171
61,876
64,1396
91,504
71,1547
52,423
47,443
45,1000
17,735
33,867
22,1064
76,624
2,1570
79,1248
32,615
144,500
108,499
149,444
146,948
21,1268
83,1010
32,1494
16,1189
103,240
52,317
1,990
116,279
59,366
8,664
32,1238
71,1182
73,638
32,637
146,1013
38,1359
6,234
120,1295
20,1033
114,406
11,1556
32,1564
118,943
7,991
39,758
10,460
98,152
98,773
137,1588
129,642
139,969
113,504
84,1453
106,705
2,1545
139,1010
119,586
143,236
134,1335
82,559
99,395
77,1432
118,515
39,491
97,1382
136,1473
77,1437
97,1158
124,758
136,197
13,1435
24,257
18,573
140,561
65,469
66,1049
144,1064
45,485
38,1526
132,350
109,1606
25,644
133,1190
120,482
115,626
29,639
87,402
125,225
49,1062
69,1644
91,1319
130,756
27,221
16,432
121,479
43,1051
102,692
12,1271
4,1424
108,298
128,510
104,1595
7,1277
13,547
64,977
130,964
25,1040
35,1559
127,481
73,493
80,1331
2,1306
45,1529
20,1087
17,1426
114,608
120,198
16,1362
120,1195
20,1509
59,1293
76,470
122,1543
21,1020
12,1494
144,786
38,1172
120,1365
6,322
134,661
90,404
70,1179
4,239
145,915
40,691
101,631
149,1274
97,529
11,1125
56,1454
73,1081
67,169
26,206
85,1512
137,403
64,543
2,718
63,402
138,329
77,591
30,533
10,894
99,591
84,1533
54,367
75,202
74,191
142,348
20,1541
112,303
33,1555
147,469
146,228
121,700
95,488
134,914
98,1483
93,1081
51,430
95,892
128,1610
72,1357
136,951
29,1182
120,337
77,893
120,974
70,1159
107,1329
118,1349
98,512
13,245
105,588
49,1608
57,1201
75,866
84,368
92,1326
67,1039
11,1247
133,281
2,1550
98,385
146,1123
138,814
126,826
51,558
82,982
61,991
23,299
98,1309
144,622
74,289
11,731
61,980
99,153
64,1307
9,717
132,703
52,585
133,511
42,446
78,1625
140,721
127,1648
8,1424
84,757
39,1036
100,1612
110,1481
5,1063
78,1637
138,485
93,1649
93,736
8,1451
112,1358
30,509
25,1098
69,820
59,1338
68,333
18,235
76,1412
105,1008
66,335
84,1139
142,351
109,272
9,721
55,1428
2,372
72,401
84,716
100,1444
51,1314
9,1172
131,440
141,1573
20,1397
34,405
105,380
51,865
21,1522
82,1015
116,289
141,831
25,154
108,850
124,713
91,418
131,207
21,216
140,741
114,1107
133,881
24,336
58,226
67,540
140,587
136,1418
45,366
117,1294
46,509
143,1470
75,690
45,915
113,1125
59,1442
74,227
140,724
98,1218
7,1013
77,415
72,1594
112,261
33,157
14,1618
27,700
104,1118
102,180
20,1417
117,215
25,1341
3,1622
82,779
79,287
4,1320
46,1451
20,1572
145,728
136,1293
101,228
133,1568
131,1541
103,1447
37,926
28,354
50,1518
16,1336
59,229
134,462
53,209
58,817
149,321
71,1209
76,707
86,1226
143,1379
18,790
58,1398
3,1322
38,1577
106,1440
59,1103
67,664
105,1632
99,1428
103,691
43,1396
81,386
112,1055
74,1425
1,675
95,677
147,328
6,1093
32,1165
23,930
22,660
80,430
79,1502
124,644
69,606
24,316
132,1564
5,550
105,996
63,901
21,892
63,1166
51,442
43,1409
115,178
73,736
27,584
22,1409
117,525
23,906
109,780
75,715
35,1492
54,222
1,372
145,1554
53,955
61,1443
9,395
65,547
136,1269
32,954
148,1118
53,313
108,1272
90,533
22,836
129,1123
7,315
148,488
17,551
74,585
70,1340
5,1218
35,1567
111,1437
63,623
30,1260
77,520
95,1436
131,1306
57,1111
67,1139
63,867
129,1227
58,330
31,1095
97,1373
120,740
137,283
143,261
83,1127
5,1417
98,413
88,1459
49,697
116,527
109,1135
136,474
15,231
99,958
6,723
149,1262
22,539
99,1543
9,253
44,242
109,1108
114,752
117,1073
80,505
45,1502
41,1448
29,507
143,638
106,686
114,292
149,1088
82,881
138,1490
5,235
148,1138
144,214
7,459
148,1540
80,535
127,1079
65,1336
83,1521
6,1462
46,502
89,754
48,837
92,491
119,1338
45,1149
53,1312
134,281
6,1579
121,823
130,1573
33,534
147,773
48,437
80,1002
40,1527
133,1487
140,1055
88,766
86,238
43,327
135,1244
67,1147
141,320
149,1245
133,825
114,213
99,191
69,1123
35,424
66,998
18,193
38,511
2,1120
3,1288
85,997
76,1441
138,891
74,529
42,1126
53,1279
116,1521
83,1416
116,1610
12,1584
37,1253
76,891
119,381
70,942
143,984
1,1645
54,525
94,614
17,871
55,1177
13,315
38,1411
55,445
147,1069
126,690
43,1042
45,1499
98,249
69,414
144,607
148,1064
116,357
13,1489
103,307
66,230
51,1420
132,1617
20,313
2,762
18,1073
36,1589
102,653
98,196
23,238
58,928
141,811
32,1559
52,442
107,727
95,1398
15,1368
17,250
89,1095
84,483
49,1630
123,1462
86,836
27,314
46,621
14,1142
61,908
22,703
132,795
55,690
117,1580
144,555
88,680
8,889
30,331
137,314
97,1456
33,426
12,1172
125,866
97,1275
26,1585
77,522
81,594
100,949
22,1388
141,884
98,564
70,652
6,1420
124,766
65,781
142,565
126,511
115,745
89,1285
14,821
83,1297
84,156
56,715
124,1378
116,1461
51,503
84,1468
20,1566
145,976
29,1466
127,1454
105,777
92,724
113,652
39,1339
37,366
56,523
67,1236
146,1564
115,894
19,433
31,1491
140,172
136,1397
14,1178
76,1107
127,755
149,1474
27,728
102,342
27,190
106,1421
91,217
71,535
34,597
138,691
94,1197
99,1488
7,360
118,212
87,1545
1,670
120,1422
133,317
126,1098
55,1459
114,684
28,1154
57,1194
80,395
88,549
9,693
121,467
71,791
88,1327
93,1481
56,599
108,1074
84,772
64,583
1,952
1,719
1,1455
1,1509
1,618
1,1045
1,705
1,329
1,1583
1,591
1,1075
1,453
1,332
1,631
1,744
1,926
1,1058
1,1252
1,666
1,360
1,969
1,435
1,1450
1,1215
1,774
1,834
1,1582
1,1626
1,1584
1,1560
1,1421
1,263
1,1240
1,1008
1,1624
1,979
1,866
1,1276
1,405
1,920
1,1006
1,791
1,1385
1,1613
1,1295
1,358
1,1034
1,1192
1,1577
1,288
1,1364
1,1097
1,885
1,957
1,690
1,434
1,384
1,692
1,789
1,597
1,723
1,1107
1,611
1,566
1,1201
1,880
1,204
1,1495
1,1031
1,933
1,1016
1,584
1,447
1,1611
1,1343
1,376
1,337
1,215
1,931
1,233
1,1345
1,315
1,403
1,1328
1,526
1,727
1,1283
1,1056
1,1371
1,1388
1,681
1,342
1,297
1,641
1,1638
1,1416
1,840
1,872
1,600
1,545
1,856
1,322
1,796
1,865
1,715
1,1219
1,231
1,882
1,1494
1,370
1,436
1,621
1,1310
1,416
1,1189
1,340
1,1038
1,1036
1,577
1,268
1,1544
1,803
1,565
1,428
1,1197
1,1349
1,1463
1,404
1,1307
1,1127
1,757
1,1040
1,630
1,1347
1,482
1,1288
1,1351
1,452
1,1208
1,521
1,756
1,270
1,1159
1,226
1,1640
1,478
1,1379
1,401
1,948
1,699
1,1013
1,838
1,729
1,1156
1,1508
1,678
1,1405
1,676
1,1619
1,1157
1,1166
1,833
1,1635
1,685
1,1223
1,256
1,625
1,1315
1,515
1,951
1,1143
1,1402
1,1196
1,1272
1,1260
1,1017
1,1637
1,762
1,582
1,1420
1,1105
1,1399
1,783
1,1259
1,749
1,410
1,691
1,314
1,298
1,172
1,1597
1,1037
1,1415
1,396
1,423
1,995
1,1605
1,1014
1,1146
1,858
1,542
1,1586
1,1422
1,1194
1,243
1,607
1,1350
1,1093
1,588
1,1171
1,1540
1,1612
1,1095
1,464
1,1074
1,551
1,688
1,761
1,1354
1,1290
1,353
1,764
1,890
1,963
1,891
1,190
1,523
1,1301
1,1603
1,1264
1,1087
1,467
1,509
1,1588
1,1548
1,1456
1,572
1,249
1,488
1,374
1,443
1,1059
1,1562
1,1273
1,271
1,583
1,429
1,496
1,1590
1,507
1,381
1,940
1,1636
1,474
1,1112
1,179
1,285
1,257
1,1473
1,619
1,1617
1,197
1,779
1,748
1,612
1,292
1,674
1,448
1,1160
1,1101
1,1555
1,369
1,620
1,1103
1,1477
1,1231
1,1437
1,1459
1,1431
1,1391
1,349
1,277
1,725
1,1236
1,1484
1,475
1,954
1,1211
1,560
1,843
1,528
1,240
1,945
1,575
1,227
1,541
1,876
1,629
1,798
1,1309
1,1122
1,1041
1,936
1,1429
1,531
1,472
1,330
1,899
1,1066
1,483
1,492
1,1485
1,772
1,151
1,965
1,651
1,393
1,1317
1,804
1,1246
1,1214
1,1180
1,1094
1,1412
1,1226
1,683
1,1154
1,454
1,961
1,746
1,812
1,206
1,636
1,623
1,162
1,1137
1,1394
1,161
1,862
1,1330
1,780
1,1053
1,1281
1,679
1,1579
1,480
1,1614
1,253
1,909
1,409
1,460
1,1441
1,1238
1,546
1,367
1,365
1,1503
1,695
1,254
1,1286
1,824
1,308
1,581
1,543
1,975
1,609
1,540
1,728
1,989
1,1417
1,811
1,1293
1,1162
1,1427
1,318
1,431
1,304
1,1496
1,809
1,1255
1,652
1,1069
1,193
1,1483
1,1512
1,1639
1,976
1,1469
1,363
1,1593
1,706
1,1432
1,1092
1,1360
1,538
1,911
1,422
1,222
1,466
1,1304
1,642
1,305
1,1148
1,1340
1,1433
1,366
1,930
1,259
1,1024
1,929
1,953
1,408
1,1118
1,787
1,1575
1,213
1,397
1,573
1,701
1,1117
1,667
1,418
1,1559
1,617
1,1474
1,357
1,1102
1,178
1,998
1,1585
1,589
1,689
1,186
1,273
1,251
1,1644
1,1261
1,580
1,605
1,1502
1,333
1,1567
1,1358
1,1568
1,430
1,644
1,1576
1,352
1,984
1,888
1,593
1,487
1,1091
1,1227
1,700
1,1363
1,171
1,508
1,500
1,334
1,1305
1,1199
1,1218
1,1461
1,269
1,1481
1,433
1,1235
1,1538
1,1316
1,1152
1,1048
1,1608
1,451
1,518
1,763
1,892
1,635
1,1393
1,721
1,988
1,1369
1,820
1,505
1,338
1,614
1,1493
1,766
1,784
1,536
1,326
1,1096
1,1046
1,557
1,359
1,1519
1,276
1,400
1,806
1,1291
